Portfolio,dow,slot,abd_share_profile
A,0,0,0.0
A,0,1,0.0
A,0,2,0.0
A,0,3,0.0
A,0,4,0.0
A,0,5,0.0
A,0,6,0.0
A,0,7,0.0
A,0,8,0.0
A,0,9,0.0
A,0,10,0.0
A,0,11,0.0
A,0,12,0.0
A,0,13,0.0
A,0,14,0.0
A,0,15,1.8347927279193007e-06
A,0,16,0.0003072012945501333
A,0,17,0.007366460661289116
A,0,18,0.03766042602214842
A,0,19,0.0613581146765662
A,0,20,0.020096875920793223
A,0,21,0.0009347128853298895
A,0,22,0.0009683158072522259
A,0,23,0.020559781095173396
A,0,24,0.057541739029261255
A,0,25,0.03146429568514408
A,0,26,0.03122984339232042
A,0,27,0.011880637814194297
A,0,28,0.02181247098948098
A,0,29,0.07412195538995031
A,0,30,0.09315344237523178
A,0,31,0.0970162220664181
A,0,32,0.030159475940951648
A,0,33,0.011315963426195761
A,0,34,0.027628650962964137
A,0,35,0.00995571283573799
A,0,36,0.0004662291865893104
A,0,37,2.8366861254015506e-06
A,0,38,2.4562547809242256e-06
A,0,39,0.0004106248093530803
A,0,40,0.00975824779715922
A,0,41,0.048210447250266214
A,0,42,0.07603201284796621
A,0,43,0.02655199449906801
A,0,44,0.04073079351572935
A,0,45,0.10984427194244427
A,0,46,0.03959062982999857
A,0,47,0.001865322316838079
A,1,0,0.0
A,1,1,0.0
A,1,2,0.0
A,1,3,0.0
A,1,4,0.0
A,1,5,0.0
A,1,6,0.0
A,1,7,0.0
A,1,8,0.0
A,1,9,0.0
A,1,10,0.0
A,1,11,0.0
A,1,12,0.0
A,1,13,0.0
A,1,14,6.113010519608667e-06
A,1,15,0.001009351547621981
A,1,16,0.022219895832600083
A,1,17,0.07638519200990106
A,1,18,0.07928759740614948
A,1,19,0.05250440899622578
A,1,20,0.01406012390891208
A,1,21,0.013299256045109672
A,1,22,0.035646745070103236
A,1,23,0.02244543880522981
A,1,24,0.04605161283300614
A,1,25,0.06747219470865058
A,1,26,0.021572584081540617
A,1,27,0.0009935414956764761
A,1,28,6.029840308457529e-06
A,1,29,0.0
A,1,30,0.0
A,1,31,0.0
A,1,32,0.0
A,1,33,0.0
A,1,34,0.0
A,1,35,0.0
A,1,36,0.0
A,1,37,6.029840308457529e-06
A,1,38,0.000997722055600722
A,1,39,0.022263408772735378
A,1,40,0.08275226945865796
A,1,41,0.09921990505705272
A,1,42,0.060657744264245805
A,1,43,0.01614625811413594
A,1,44,0.04352327503129192
A,1,45,0.12981488682687914
A,1,46,0.07669633532251381
A,1,47,0.014962079665023074
A,2,0,0.0
A,2,1,0.0
A,2,2,0.0
A,2,3,0.0
A,2,4,0.0
A,2,5,0.0
A,2,6,0.0
A,2,7,0.0
A,2,8,0.0
A,2,9,0.0
A,2,10,0.0
A,2,11,0.0
A,2,12,2.794812566214386e-06
A,2,13,0.0004625024080800039
A,2,14,0.010342418765799324
A,2,15,0.04076995601620456
A,2,16,0.09491194952015297
A,2,17,0.19243830422817898
A,2,18,0.1705502670544917
A,2,19,0.11480586605049457
A,2,20,0.05681678168950705
A,2,21,0.01223921843969759
A,2,22,0.0016777342673417659
A,2,23,0.025143387687937765
A,2,24,0.08123580267691598
A,2,25,0.06115434148253048
A,2,26,0.014352456967522013
A,2,27,0.0006253387279083296
A,2,28,6.557060251502984e-06
A,2,29,0.0004593469745375038
A,2,30,0.009808752223160988
A,2,31,0.027212685258295094
A,2,32,0.009808752223160988
A,2,33,0.0004593469745375038
A,2,34,2.794812566214386e-06
A,2,35,0.0
A,2,36,0.0
A,2,37,0.0
A,2,38,0.0
A,2,39,2.794812566214386e-06
A,2,40,0.0004593469745375038
A,2,41,0.009808752223160988
A,2,42,0.027214262975066343
A,2,43,0.01006806099910958
A,2,44,0.005996545810192901
A,2,45,0.015364794555152154
A,2,46,0.005537198835655397
A,2,47,0.00026088649271984094
A,3,0,0.0
A,3,1,0.0
A,3,2,0.0
A,3,3,0.0
A,3,4,0.0
A,3,5,0.0
A,3,6,0.0
A,3,7,0.0
A,3,8,0.0
A,3,9,0.0
A,3,10,8.185225845095223e-06
A,3,11,0.001352147152534855
A,3,12,0.029856986353627987
A,3,13,0.10444885065920542
A,3,14,0.11070482617210785
A,3,15,0.06852778750436136
A,3,16,0.03172275518885314
A,3,17,0.043158018791714846
A,3,18,0.015783860840388464
A,3,19,0.011633308013739163
A,3,20,0.04226852746038189
A,3,21,0.0484612352859447
A,3,22,0.014246128944640994
A,3,23,0.0006475493987875025
A,3,24,3.922087384108127e-06
A,3,25,0.0
A,3,26,0.0
A,3,27,4.9323220133481e-06
A,3,28,0.0008195938785332607
A,3,29,0.018783111709173957
A,3,30,0.08009952028821815
A,3,31,0.11976873125298582
A,3,32,0.07512425185422654
A,3,33,0.017316841037334253
A,3,34,0.008381392233961208
A,3,35,0.021220410640901122
A,3,36,0.007647259667460652
A,3,37,0.00035812359327991094
A,3,38,5.291705200780807e-06
A,3,39,0.0005116051332570156
A,3,40,0.01092465666780093
A,3,41,0.030308568989419995
A,3,42,0.010929014542672161
A,3,43,0.0012278523198168375
A,3,44,0.015297632102686469
A,3,45,0.042431996585188
A,3,46,0.015294519334921304
A,3,47,0.0007206050614310531
A,4,0,0.0
A,4,1,0.0
A,4,2,0.0
A,4,3,0.0
A,4,4,0.0
A,4,5,0.0
A,4,6,0.0
A,4,7,0.0
A,4,8,0.0
A,4,9,0.0
A,4,10,6.847966100607289e-06
A,4,11,0.001134443209786547
A,4,12,0.025505294959049723
A,4,13,0.09858886164989045
A,4,14,0.12302157301786995
A,4,15,0.06581279003421744
A,4,16,0.013491812419376472
A,4,17,0.0005716876697414956
A,4,18,5.3743531422487586e-06
A,4,19,0.00032055695319021914
A,4,20,0.006845073335728608
A,4,21,0.018995607139224983
A,4,22,0.007689206645796185
A,4,23,0.018347867107367497
A,4,24,0.050330748056859255
A,4,25,0.02487043311981394
A,4,26,0.019837686059462376
A,4,27,0.007361825270920066
A,4,28,0.011990178082859907
A,4,29,0.04972052121445869
A,4,30,0.09687417617219896
A,4,31,0.11854832123728005
A,4,32,0.03689793446298351
A,4,33,0.0016934025947106099
A,4,34,1.2222319242856047e-05
A,4,35,0.00032055695319021914
A,4,36,0.006845073335728608
A,4,37,0.01899047116464953
A,4,38,0.006845073335728608
A,4,39,0.00032055695319021914
A,4,40,1.950370091945114e-06
A,4,41,0.0
A,4,42,6.4199682193193335e-06
A,4,43,0.001058590620634775
A,4,44,0.023094455270151717
A,4,45,0.07452720743969492
A,4,46,0.05587395086887503
A,4,47,0.013641248668572399
A,5,0,0.0
A,5,1,0.0
A,5,2,0.0
A,5,3,0.0
A,5,4,0.0
A,5,5,0.0
A,5,6,0.0
A,5,7,0.0
A,5,8,0.0
A,5,9,0.0
A,5,10,0.0
A,5,11,0.0
A,5,12,0.0
A,5,13,0.0
A,5,14,0.0
A,5,15,0.0
A,5,16,0.0
A,5,17,1.958846197713712e-06
A,5,18,0.0003219500604016767
A,5,19,0.006877784695925454
A,5,20,0.01956628872089308
A,5,21,0.018307885790050077
A,5,22,0.0523964343476582
A,5,23,0.10232474821475478
A,5,24,0.16491836593891018
A,5,25,0.21792950640998426
A,5,26,0.09920023118596275
A,5,27,0.03112982226340405
A,5,28,0.059272609644973585
A,5,29,0.060321930678973006
A,5,30,0.016941372773291823
A,5,31,0.0007687862243166408
A,5,32,0.0007666056219456011
A,5,33,0.0165829755362409
A,5,34,0.052667346016302304
A,5,35,0.03777873788732211
A,5,36,0.015287726427080074
A,5,37,0.019436021893225224
A,5,38,0.006877001915587132
A,5,39,0.0003219500604016767
A,5,40,1.958846197713712e-06
A,5,41,0.0
A,5,42,0.0
A,5,43,0.0
A,5,44,0.0
A,5,45,0.0
A,5,46,0.0
A,5,47,0.0
A,6,0,0.0
A,6,1,0.0
A,6,2,0.0
A,6,3,0.0
A,6,4,0.0
A,6,5,0.0
A,6,6,0.0
A,6,7,0.0
A,6,8,0.0
A,6,9,0.0
A,6,10,0.0
A,6,11,0.0
A,6,12,0.0
A,6,13,0.0
A,6,14,0.0
A,6,15,0.0
A,6,16,0.0
A,6,17,0.0
A,6,18,0.0
A,6,19,0.0
A,6,20,0.0
A,6,21,0.0
A,6,22,0.0
A,6,23,1.440999406957692e-05
A,6,24,0.0023683832178876007
A,6,25,0.050573717563160904
A,6,26,0.14032523757374465
A,6,27,0.0534026197400822
A,6,28,0.06278802879895055
A,6,29,0.16960142385130247
A,6,30,0.10304808137461054
A,6,31,0.12112782575269586
A,6,32,0.042657797333751454
A,6,33,0.001996872124885624
A,6,34,1.214960284297662e-05
A,6,35,0.0
A,6,36,0.0
A,6,37,0.0
A,6,38,0.0
A,6,39,0.0
A,6,40,0.0
A,6,41,0.0
A,6,42,1.4753089166471608e-05
A,6,43,0.002424773294503972
A,6,44,0.05177785369561711
A,6,45,0.14364869291344054
A,6,46,0.05177785369561711
A,6,47,0.0024395263836704435
B,0,0,0.0
B,0,1,0.0
B,0,2,0.0
B,0,3,0.0
B,0,4,0.0
B,0,5,0.0
B,0,6,0.0
B,0,7,0.0
B,0,8,0.0
B,0,9,0.0
B,0,10,9.86407667278656e-07
B,0,11,0.00016212299282695097
B,0,12,0.003461923892974357
B,0,13,0.00960450862090623
B,0,14,0.003462859859340468
B,0,15,0.00031595560533888734
B,0,16,0.003286373305402722
B,0,17,0.009195803222602748
B,0,18,0.00524667880794656
B,0,19,0.010630794089202875
B,0,20,0.03366871262077332
B,0,21,0.0629383499820246
B,0,22,0.054080380971422516
B,0,23,0.06177541715084407
B,0,24,0.05233006404046854
B,0,25,0.06439199965484298
B,0,26,0.06296698760972273
B,0,27,0.07445632014351183
B,0,28,0.05439541350265621
B,0,29,0.04227089176113658
B,0,30,0.03358873729800393
B,0,31,0.02411901617558456
B,0,32,0.02104017899913933
B,0,33,0.024664615642595315
B,0,34,0.021594763509197496
B,0,35,0.021516829183265057
B,0,36,0.03006171223132734
B,0,37,0.0399940807694663
B,0,38,0.03145954017054841
B,0,39,0.03387037632435456
B,0,40,0.049403731111250564
B,0,41,0.0319013682182183
B,0,42,0.021576799329553083
B,0,43,0.00627783368033303
B,0,44,0.0002861391147035009
B,0,45,1.7340008466898475e-06
B,0,46,0.0
B,0,47,0.0
B,1,0,0.0
B,1,1,0.0
B,1,2,0.0
B,1,3,0.0
B,1,4,0.0
B,1,5,0.0
B,1,6,0.0
B,1,7,0.0
B,1,8,0.0
B,1,9,0.0
B,1,10,2.8370512586302754e-06
B,1,11,0.00046628919878688864
B,1,12,0.009956994317513295
B,1,13,0.027623957290033682
B,1,14,0.009958241936440283
B,1,15,0.0006713440874100385
B,1,16,0.004381515275225322
B,1,17,0.012147884832364212
B,1,18,0.004383609289249549
B,1,19,0.001016137514736794
B,1,20,0.017417072873883888
B,1,21,0.05128065387201434
B,1,22,0.046340787480398236
B,1,23,0.07095117521930829
B,1,24,0.0460612762979335
B,1,25,0.03672611063185767
B,1,26,0.026711565860879263
B,1,27,0.053882966468825746
B,1,28,0.05207731699116888
B,1,29,0.02986140889231974
B,1,30,0.02577891296852218
B,1,31,0.032881916528033364
B,1,32,0.03832284820745526
B,1,33,0.03472905416076158
B,1,34,0.03770956652769461
B,1,35,0.03855963180397938
B,1,36,0.04178567419930187
B,1,37,0.031095815055961318
B,1,38,0.03410974777533792
B,1,39,0.03762534207294817
B,1,40,0.06412621326662994
B,1,41,0.053796794442401534
B,1,42,0.02303795029329145
B,1,43,0.004339681207357975
B,1,44,0.00018062743818467907
B,1,45,1.0786705306250525e-06
B,1,46,0.0
B,1,47,0.0
B,2,0,0.0
B,2,1,0.0
B,2,2,0.0
B,2,3,0.0
B,2,4,0.0
B,2,5,0.0
B,2,6,0.0
B,2,7,0.0
B,2,8,0.0
B,2,9,0.0
B,2,10,2.0963183472600043e-06
B,2,11,0.0003445445687921949
B,2,12,0.007360076248558639
B,2,13,0.02086827006307655
B,2,14,0.01711170097407994
B,2,15,0.02768227082375898
B,2,16,0.01574636728043142
B,2,17,0.017184567877053886
B,2,18,0.008733458311897018
B,2,19,0.01909832651827634
B,2,20,0.07022711332038438
B,2,21,0.11681972096868433
B,2,22,0.05980056097263152
B,2,23,0.061958422236413575
B,2,24,0.03293614446846002
B,2,25,0.03917874973393362
B,2,26,0.04131682146011326
B,2,27,0.04079274275897084
B,2,28,0.02967070881554484
B,2,29,0.03991865616377629
B,2,30,0.028981190658883618
B,2,31,0.028208799263200468
B,2,32,0.026080401266532167
B,2,33,0.016228895950999075
B,2,34,0.008289925172223779
B,2,35,0.023760537868719032
B,2,36,0.04048358800941734
B,2,37,0.020949335564440542
B,2,38,0.02808250283674544
B,2,39,0.0362946544506515
B,2,40,0.03699479275422732
B,2,41,0.01672903692252397
B,2,42,0.0162278409156479
B,2,43,0.0056701713127793206
B,2,44,0.00026539243812371773
B,2,45,1.6147316999164902e-06
B,2,46,0.0
B,2,47,0.0
B,3,0,0.0
B,3,1,0.0
B,3,2,0.0
B,3,3,0.0
B,3,4,0.0
B,3,5,0.0
B,3,6,0.0
B,3,7,0.0
B,3,8,0.0
B,3,9,0.0
B,3,10,2.2733191875099064e-06
B,3,11,0.0003736358937140364
B,3,12,0.007979882268576351
B,3,13,0.022361425740161023
B,3,14,0.012815207426067664
B,3,15,0.013993507129039792
B,3,16,0.009210831745056727
B,3,17,0.01257180253837895
B,3,18,0.00900059892854545
B,3,19,0.013403345007414672
B,3,20,0.012781484636754494
B,3,21,0.030681247858856994
B,3,22,0.052944174556835116
B,3,23,0.08230759342366574
B,3,24,0.06546507475590016
B,3,25,0.06324405223931595
B,3,26,0.0648792570338476
B,3,27,0.09363254177074724
B,3,28,0.06276069400470344
B,3,29,0.04907533206299197
B,3,30,0.03662106629844152
B,3,31,0.03575519077677554
B,3,32,0.02833325588088042
B,3,33,0.02262127457674251
B,3,34,0.01134675836748687
B,3,35,0.020971510240338456
B,3,36,0.031761577653060834
B,3,37,0.028090022412566175
B,3,38,0.027699647368030753
B,3,39,0.02615915972963313
B,3,40,0.022490651227970497
B,3,41,0.006487160322578327
B,3,42,0.0005049246240304276
B,3,43,0.004496715107763324
B,3,44,0.012470411123363773
B,3,45,0.00449493211232214
B,3,46,0.00021049909505016135
B,3,47,1.280743204230933e-06
B,4,0,0.0
B,4,1,0.0
B,4,2,0.0
B,4,3,0.0
B,4,4,0.0
B,4,5,0.0
B,4,6,0.0
B,4,7,0.0
B,4,8,0.0
B,4,9,1.3713281393527244e-07
B,4,10,2.4850859237328322e-05
B,4,11,0.0008612987286688088
B,4,12,0.009450870266855375
B,4,13,0.02314799311548511
B,4,14,0.011424394588778829
B,4,15,0.00963215026518325
B,4,16,0.0062972862639178
B,4,17,0.011487377029955947
B,4,18,0.014772392357498323
B,4,19,0.012203887615877845
B,4,20,0.011005388968727
B,4,21,0.02360756834974112
B,4,22,0.04242745087190433
B,4,23,0.062489600038946026
B,4,24,0.05005697843887791
B,4,25,0.052990742432906295
B,4,26,0.05229095952615036
B,4,27,0.05724502303038817
B,4,28,0.06996149589897226
B,4,29,0.07037936932329301
B,4,30,0.039119890539103835
B,4,31,0.03283437190671509
B,4,32,0.033664251262120505
B,4,33,0.03255525258393514
B,4,34,0.03150769173549929
B,4,35,0.037765976131179144
B,4,36,0.042823872688311185
B,4,37,0.030108797055693765
B,4,38,0.03762092335613791
B,4,39,0.027909744945508186
B,4,40,0.020611297216948314
B,4,41,0.015353425213583089
B,4,42,0.010476165160647737
B,4,43,0.011842181967580068
B,4,44,0.003868807138220623
B,4,45,0.00017904849953125556
B,4,46,1.0874951058587886e-06
B,4,47,0.0
B,5,0,0.0025278916907301155
B,5,1,0.0007011246566116236
B,5,2,3.1555889318015414e-05
B,5,3,1.9083493089160262e-07
B,5,4,0.0
B,5,5,0.0
B,5,6,0.0
B,5,7,0.0
B,5,8,0.0
B,5,9,0.0
B,5,10,6.169851149127001e-07
B,5,11,0.0001014058149358138
B,5,12,0.0021653881876431192
B,5,13,0.006007494722236201
B,5,14,0.0021653881876431192
B,5,15,0.0001020228000507265
B,5,16,0.00010308850161284844
B,5,17,0.002341609387730738
B,5,18,0.009925632215627752
B,5,19,0.016738653976858357
B,5,20,0.02423316740578677
B,5,21,0.03783801041298259
B,5,22,0.03861128531359509
B,5,23,0.04083806583406549
B,5,24,0.03703151400975847
B,5,25,0.0610293381632281
B,5,26,0.07955144922798789
B,5,27,0.09057917326543269
B,5,28,0.08706439168133921
B,5,29,0.06068156917536208
B,5,30,0.03251661998325502
B,5,31,0.02850517877882829
B,5,32,0.025977858197598014
B,5,33,0.01917984094001068
B,5,34,0.015538291419853694
B,5,35,0.022568555049994478
B,5,36,0.035999544891798255
B,5,37,0.03242411717657115
B,5,38,0.021993920110565248
B,5,39,0.028617601990083955
B,5,40,0.04919913177882961
B,5,41,0.030149598625192384
B,5,42,0.02343929779505797
B,5,43,0.013427816232743629
B,5,44,0.0077505036555373516
B,5,45,0.004212745523337895
B,5,46,0.005928161393654995
B,5,47,0.002201188116504809
B,6,0,0.0
B,6,1,0.0
B,6,2,0.0
B,6,3,0.0
B,6,4,0.0
B,6,5,0.0
B,6,6,0.0
B,6,7,0.0
B,6,8,0.0
B,6,9,0.0
B,6,10,0.0
B,6,11,0.0
B,6,12,0.0
B,6,13,0.0
B,6,14,0.0
B,6,15,0.0
B,6,16,0.0
B,6,17,0.0
B,6,18,0.0
B,6,19,0.0
B,6,20,7.122320332626295e-06
B,6,21,0.0011706031152243915
B,6,22,0.02500383138539182
B,6,23,0.07052534017219994
B,6,24,0.05059840489086649
B,6,25,0.08376321381763491
B,6,26,0.08946663817070621
B,6,27,0.11532447242506877
B,6,28,0.07438147400557728
B,6,29,0.016756363878378144
B,6,30,0.0014601373321490555
B,6,31,0.015721037273849697
B,6,32,0.04432660876684717
B,6,33,0.03142668660012636
B,6,34,0.04470432142978204
B,6,35,0.024429914403152578
B,6,36,0.0397901144553552
B,6,37,0.07848805925759017
B,6,38,0.10444898664861862
B,6,39,0.0705158927477431
B,6,40,0.016943030865468802
B,6,41,0.0007432691508704642
B,6,42,4.4768870662222426e-06
B,6,43,0.0
B,6,44,0.0
B,6,45,0.0
B,6,46,0.0
B,6,47,0.0
C,0,0,0.0
C,0,1,0.0
C,0,2,0.0
C,0,3,0.0
C,0,4,0.0
C,0,5,0.0
C,0,6,0.0
C,0,7,0.0
C,0,8,0.0
C,0,9,0.0
C,0,10,0.0
C,0,11,0.0
C,0,12,0.0
C,0,13,0.0
C,0,14,0.0
C,0,15,7.182379318474389e-07
C,0,16,0.00011926607252787778
C,0,17,0.002724291211802672
C,0,18,0.011806728977151612
C,0,19,0.026160171847380967
C,0,20,0.044218220545133954
C,0,21,0.041898887850291125
C,0,22,0.05079139939621084
C,0,23,0.08309654737098283
C,0,24,0.08461707582840003
C,0,25,0.06644145084915785
C,0,26,0.05571209297243562
C,0,27,0.07141999839323143
C,0,28,0.07257652936876687
C,0,29,0.07301416658489178
C,0,30,0.041529635605789775
C,0,31,0.01940432173232582
C,0,32,0.019370754606548368
C,0,33,0.019491289886432787
C,0,34,0.017711424628430332
C,0,35,0.027817672571846183
C,0,36,0.030119263678334715
C,0,37,0.022930831993110988
C,0,38,0.03204471458491173
C,0,39,0.03279724181214641
C,0,40,0.033998870852115955
C,0,41,0.015538371278556262
C,0,42,0.002546335057996191
C,0,43,0.00010112731189692548
C,0,44,5.988932603924265e-07
C,0,45,0.0
C,0,46,0.0
C,0,47,0.0
C,1,0,0.0
C,1,1,0.0
C,1,2,0.0
C,1,3,0.0
C,1,4,0.0
C,1,5,0.0
C,1,6,0.0
C,1,7,0.0
C,1,8,0.0
C,1,9,0.0
C,1,10,0.0
C,1,11,0.0
C,1,12,0.0
C,1,13,0.0
C,1,14,0.0
C,1,15,0.0
C,1,16,1.4910649943944928e-06
C,1,17,0.0002466686569104765
C,1,18,0.00550134016844513
C,1,19,0.020965292532823795
C,1,20,0.038885499027253266
C,1,21,0.0654367064714137
C,1,22,0.05649950885055907
C,1,23,0.056681001033833146
C,1,24,0.09300466750659245
C,1,25,0.10761234322276533
C,1,26,0.05642792612636238
C,1,27,0.040133967779281514
C,1,28,0.04247754864782844
C,1,29,0.048673637895954094
C,1,30,0.035672394050709974
C,1,31,0.025991365226817807
C,1,32,0.023683076765743813
C,1,33,0.02400461295524881
C,1,34,0.032058754435615275
C,1,35,0.04533874475870705
C,1,36,0.05242216880509906
C,1,37,0.03159930097586184
C,1,38,0.02132584979972818
C,1,39,0.021011780718439753
C,1,40,0.023578637045235044
C,1,41,0.015100699695193537
C,1,42,0.0035873397755985742
C,1,43,0.0014420500436578296
C,1,44,0.004645074362509135
C,1,45,0.004644147790599457
C,1,46,0.0012880799192774065
C,1,47,5.832389094041783e-05
C,2,0,0.0
C,2,1,0.0
C,2,2,0.0
C,2,3,0.0
C,2,4,0.0
C,2,5,0.0
C,2,6,0.0
C,2,7,0.0
C,2,8,0.0
C,2,9,0.0
C,2,10,0.0
C,2,11,0.0
C,2,12,0.0
C,2,13,0.0
C,2,14,1.037064451804066e-06
C,2,15,0.00017240091065858553
C,2,16,0.003963666331741215
C,2,17,0.017461317901084766
C,2,18,0.03373790925834367
C,2,19,0.04187639822044347
C,2,20,0.04349468376068556
C,2,21,0.07560756209337188
C,2,22,0.05637313853260531
C,2,23,0.034131057170514505
C,2,24,0.057677231344693505
C,2,25,0.10353746597289891
C,2,26,0.055933738164708875
C,2,27,0.03666850203459037
C,2,28,0.03865614769567348
C,2,29,0.04408194009864982
C,2,30,0.03781006079832195
C,2,31,0.04199258242189044
C,2,32,0.025998528857552654
C,2,33,0.02133897016981456
C,2,34,0.032955491378744324
C,2,35,0.04342606698743793
C,2,36,0.03545834563009774
C,2,37,0.027077049002609255
C,2,38,0.02711368201620014
C,2,39,0.02577596998191861
C,2,40,0.017892202509502814
C,2,41,0.01505017469980434
C,2,42,0.004528270135414291
C,2,43,0.00020715285529459535
C,2,44,1.256000280518258e-06
C,2,45,0.0
C,2,46,0.0
C,2,47,0.0
C,3,0,0.0
C,3,1,0.0
C,3,2,0.0
C,3,3,0.0
C,3,4,0.0
C,3,5,0.0
C,3,6,0.0
C,3,7,0.0
C,3,8,0.0
C,3,9,0.0
C,3,10,5.135854919944287e-07
C,3,11,8.441136438481991e-05
C,3,12,0.0018030825873737767
C,3,13,0.00509744868075791
C,3,14,0.003868699505796185
C,3,15,0.005886147633592543
C,3,16,0.003658962637279137
C,3,17,0.006504427925328524
C,3,18,0.011607319894251908
C,3,19,0.01939217366973271
C,3,20,0.030788387801326707
C,3,21,0.048371952926178644
C,3,22,0.05259428213452799
C,3,23,0.048222385976624926
C,3,24,0.0407982112342915
C,3,25,0.06210415563641704
C,3,26,0.05934462849553494
C,3,27,0.03459615440791203
C,3,28,0.05107327691002812
C,3,29,0.10204406162115381
C,3,30,0.04652471604980615
C,3,31,0.01884169927936281
C,3,32,0.020538058347107934
C,3,33,0.02299101413500756
C,3,34,0.020316198768882472
C,3,35,0.027339984777795645
C,3,36,0.0257236453158244
C,3,37,0.024375865260735353
C,3,38,0.04499716089872389
C,3,39,0.07243689698455393
C,3,40,0.04980749219939738
C,3,41,0.029878265061223343
C,3,42,0.008025204518276314
C,3,43,0.00036093103697646095
C,3,44,2.1827383409763216e-06
C,3,45,0.0
C,3,46,0.0
C,3,47,0.0
C,4,0,0.0
C,4,1,0.0
C,4,2,0.0
C,4,3,0.0
C,4,4,0.0
C,4,5,0.0
C,4,6,0.0
C,4,7,0.0
C,4,8,0.0
C,4,9,0.0
C,4,10,5.42831808469834e-07
C,4,11,8.921820086170774e-05
C,4,12,0.0019059123162538363
C,4,13,0.005412940031594855
C,4,14,0.004648048346879317
C,4,15,0.008148862116031086
C,4,16,0.004202185272236904
C,4,17,0.0019354113120543302
C,4,18,0.008945648095286253
C,4,19,0.023577770770659992
C,4,20,0.03909695387107067
C,4,21,0.06149743010398644
C,4,22,0.0478531870566204
C,4,23,0.05821195485052984
C,4,24,0.08479869722544307
C,4,25,0.07858018103104564
C,4,26,0.04813483085222685
C,4,27,0.04544384528082107
C,4,28,0.04901775370463625
C,4,29,0.053588716851753426
C,4,30,0.06755833956483773
C,4,31,0.07706223901654646
C,4,32,0.04167531553231679
C,4,33,0.025371219331684434
C,4,34,0.02714565113924704
C,4,35,0.026886561032712517
C,4,36,0.02183701911158907
C,4,37,0.018413073673186776
C,4,38,0.020037795633703975
C,4,39,0.018432590085235866
C,4,40,0.02147544612821728
C,4,41,0.008161196898752233
C,4,42,0.0008272304537727775
C,4,43,2.6085034995293496e-05
C,4,44,1.472414014831662e-07
C,4,45,0.0
C,4,46,0.0
C,4,47,0.0
C,5,0,0.0
C,5,1,0.0
C,5,2,0.0
C,5,3,0.0
C,5,4,0.0
C,5,5,0.0
C,5,6,0.0
C,5,7,0.0
C,5,8,0.0
C,5,9,0.0
C,5,10,0.0
C,5,11,0.0
C,5,12,7.423243112998613e-07
C,5,13,0.00012200618769332919
C,5,14,0.00260528213118476
C,5,15,0.007228838733552137
C,5,16,0.002763997462145186
C,5,17,0.004247492547011117
C,5,18,0.027369111698500766
C,5,19,0.058741668172205205
C,5,20,0.04301065368057223
C,5,21,0.04663937412477533
C,5,22,0.05868193566315514
C,5,23,0.0788240860749895
C,5,24,0.08595137100468103
C,5,25,0.08920417251636414
C,5,26,0.07947486814576263
C,5,27,0.09195010600479987
C,5,28,0.08675424555888055
C,5,29,0.04076929850740092
C,5,30,0.007781243793558199
C,5,31,0.0030023785591292663
C,5,32,0.00897001019978866
C,5,33,0.011891458698855282
C,5,34,0.016207258550749965
C,5,35,0.009800512862380274
C,5,36,0.015298750366914964
C,5,37,0.016347122427451892
C,5,38,0.02197768993108294
C,5,39,0.029517894346746475
C,5,40,0.026507501560490226
C,5,41,0.013899011696819032
C,5,42,0.010900116852348093
C,5,43,0.0034021509113231936
C,5,44,0.00015669761289945224
C,5,45,9.510914769964376e-07
C,5,46,0.0
C,5,47,0.0
C,6,0,0.0
C,6,1,0.0
C,6,2,0.0
C,6,3,0.0
C,6,4,0.0
C,6,5,0.0
C,6,6,0.0
C,6,7,0.0
C,6,8,0.0
C,6,9,0.0
C,6,10,0.0
C,6,11,0.0
C,6,12,0.0
C,6,13,0.0
C,6,14,0.0
C,6,15,0.0
C,6,16,0.0
C,6,17,0.0
C,6,18,0.0
C,6,19,0.0
C,6,20,0.0
C,6,21,0.0
C,6,22,1.0177414964093922e-05
C,6,23,0.0016866626316809623
C,6,24,0.038031243251255446
C,6,25,0.15166501325330492
C,6,26,0.2511301247483957
C,6,27,0.30239004137675696
C,6,28,0.184696608604482
C,6,29,0.060420190531761384
C,6,30,0.00958606421597895
C,6,31,0.0003816123236498268
C,6,32,2.261647769798649e-06
C,6,33,0.0
C,6,34,0.0
C,6,35,0.0
C,6,36,0.0
C,6,37,0.0
C,6,38,0.0
C,6,39,0.0
C,6,40,0.0
C,6,41,0.0
C,6,42,0.0
C,6,43,0.0
C,6,44,0.0
C,6,45,0.0
C,6,46,0.0
C,6,47,0.0
D,0,0,0.0
D,0,1,0.0
D,0,2,0.0
D,0,3,0.0
D,0,4,0.0
D,0,5,0.0
D,0,6,0.0
D,0,7,0.0
D,0,8,0.0
D,0,9,0.0
D,0,10,0.0
D,0,11,0.0
D,0,12,0.0
D,0,13,0.0
D,0,14,6.603539284691519e-07
D,0,15,0.00010853378249158479
D,0,16,0.0023214239441701765
D,0,17,0.007060099309116434
D,0,18,0.0159656225623721
D,0,19,0.04279806725288065
D,0,20,0.04633533996914612
D,0,21,0.06852540042170804
D,0,22,0.05131337173136269
D,0,23,0.0508716730249648
D,0,24,0.06008682939790304
D,0,25,0.06686765689605999
D,0,26,0.0551397822601839
D,0,27,0.04352330814318083
D,0,28,0.03856457980814112
D,0,29,0.038837903709565365
D,0,30,0.032185686687041914
D,0,31,0.037562668443788166
D,0,32,0.028386197429255862
D,0,33,0.032566011406721544
D,0,34,0.027575323791962057
D,0,35,0.023970583417569333
D,0,36,0.016335410137148374
D,0,37,0.015443918711533482
D,0,38,0.03037513203448309
D,0,39,0.05193828462549714
D,0,40,0.048231095398837666
D,0,41,0.026712477302795405
D,0,42,0.021357995859627082
D,0,43,0.010305842245058367
D,0,44,0.0019055847952791757
D,0,45,0.0014754643444810358
D,0,46,0.003886068621207851
D,0,47,0.0014660021805371452
D,1,0,0.0
D,1,1,0.0
D,1,2,0.0
D,1,3,0.0
D,1,4,0.0
D,1,5,0.0
D,1,6,0.0
D,1,7,0.0
D,1,8,0.0
D,1,9,0.0
D,1,10,0.0
D,1,11,0.0
D,1,12,0.0
D,1,13,0.0
D,1,14,0.0
D,1,15,0.0
D,1,16,9.05780785353179e-07
D,1,17,0.00015068296295765396
D,1,18,0.0034831222560778308
D,1,19,0.016237130824917966
D,1,20,0.04397000388377127
D,1,21,0.08246316520703133
D,1,22,0.0728398977751248
D,1,23,0.06294508567863168
D,1,24,0.05938527038159585
D,1,25,0.08009496575651365
D,1,26,0.07563510397577183
D,1,27,0.07031819947055035
D,1,28,0.06339189618699874
D,1,29,0.04326642627201607
D,1,30,0.03174282177538112
D,1,31,0.030965420905634814
D,1,32,0.02840551251358428
D,1,33,0.03172720714087014
D,1,34,0.023020744168278196
D,1,35,0.015805957200945353
D,1,36,0.019433531941567384
D,1,37,0.012712903497110515
D,1,38,0.020246142773023494
D,1,39,0.04101719714868558
D,1,40,0.036775535579318674
D,1,41,0.01968977178941339
D,1,42,0.007224472165503372
D,1,43,0.0013890747687832952
D,1,44,0.0012182131469292235
D,1,45,0.0032261246691827157
D,1,46,0.0011627300873858516
D,1,47,5.4782315658351256e-05
D,2,0,0.0
D,2,1,0.0
D,2,2,0.0
D,2,3,0.0
D,2,4,0.0
D,2,5,0.0
D,2,6,0.0
D,2,7,0.0
D,2,8,0.0
D,2,9,0.0
D,2,10,5.798787341919983e-07
D,2,11,9.530712197652945e-05
D,2,12,0.002035158597728029
D,2,13,0.005646195266296419
D,2,14,0.002035158597728029
D,2,15,9.55651609242628e-05
D,2,16,4.415014035839106e-05
D,2,17,0.001098895560327101
D,2,18,0.007028891392868023
D,2,19,0.022982734811155765
D,2,20,0.06112578907182638
D,2,21,0.10069895033345141
D,2,22,0.05552410304754155
D,2,23,0.04076362506207328
D,2,24,0.03759862131441857
D,2,25,0.04052062879862827
D,2,26,0.03711097111383224
D,2,27,0.023584373082363892
D,2,28,0.017372322840610955
D,2,29,0.025112083311180918
D,2,30,0.02529154827235804
D,2,31,0.0367398688770956
D,2,32,0.04198099636924282
D,2,33,0.03001787876809127
D,2,34,0.034719010340267926
D,2,35,0.032964330626489693
D,2,36,0.028598813109786583
D,2,37,0.03011186914795913
D,2,38,0.040440392557553696
D,2,39,0.04509278163485088
D,2,40,0.04497790845355584
D,2,41,0.03664719143456974
D,2,42,0.05317256038882143
D,2,43,0.0319670835031445
D,2,44,0.006526492378188889
D,2,45,0.0002755206038493915
D,2,46,1.649030150358495e-06
D,2,47,0.0
D,3,0,0.0
D,3,1,0.0
D,3,2,0.0
D,3,3,0.0
D,3,4,0.0
D,3,5,0.0
D,3,6,0.0
D,3,7,0.0
D,3,8,0.0
D,3,9,0.0
D,3,10,1.1579555639119237e-06
D,3,11,0.00019031808836192623
D,3,12,0.004063993181205503
D,3,13,0.011274845649670526
D,3,14,0.004063993181205503
D,3,15,0.0001913669724284761
D,3,16,0.00017606140754134475
D,3,17,0.004096113486879952
D,3,18,0.019370981045361363
D,3,19,0.03611091207204923
D,3,20,0.045610969147681285
D,3,21,0.0582108040105143
D,3,22,0.0338234120286336
D,3,23,0.019470082232030103
D,3,24,0.025013486325278413
D,3,25,0.04350255842813017
D,3,26,0.05690028136261809
D,3,27,0.056812913568856704
D,3,28,0.07275713940693435
D,3,29,0.05775924093275487
D,3,30,0.039335173503323495
D,3,31,0.033120023023779865
D,3,32,0.0211922630066183
D,3,33,0.014028695801510463
D,3,34,0.016619234952281098
D,3,35,0.014748490638093796
D,3,36,0.011112083655918613
D,3,37,0.021836698613218505
D,3,38,0.04849912526304559
D,3,39,0.0751801324135348
D,3,40,0.05889686060657012
D,3,41,0.032422027488144434
D,3,42,0.02754035520560224
D,3,43,0.013479470530796862
D,3,44,0.014943552590285727
D,3,45,0.006755244744379387
D,3,46,0.0008591098490245067
D,3,47,3.082763017267569e-05
D,4,0,0.0
D,4,1,0.0
D,4,2,0.0
D,4,3,0.0
D,4,4,0.0
D,4,5,0.0
D,4,6,0.0
D,4,7,0.0
D,4,8,0.0
D,4,9,0.0
D,4,10,9.984292537885711e-07
D,4,11,0.00016409882457295964
D,4,12,0.0035044163542189842
D,4,13,0.00977159068642
D,4,14,0.004648947559392115
D,4,15,0.005057148892330347
D,4,16,0.008408044784312374
D,4,17,0.010534058636681897
D,4,18,0.017689166376544184
D,4,19,0.032812745498494805
D,4,20,0.040863053813669045
D,4,21,0.05416903437780109
D,4,22,0.048464294407668036
D,4,23,0.040957112385988606
D,4,24,0.03674319190781787
D,4,25,0.031156672143070857
D,4,26,0.03076901277534074
D,4,27,0.043803416852185376
D,4,28,0.060523354987639943
D,4,29,0.06824368955199513
D,4,30,0.05143660651068695
D,4,31,0.048549521750889335
D,4,32,0.03308519952372675
D,4,33,0.02788299629406466
D,4,34,0.02090187282953026
D,4,35,0.015128838884088999
D,4,36,0.010805714927045382
D,4,37,0.018950973390850664
D,4,38,0.031802597433772437
D,4,39,0.03212879809807128
D,4,40,0.023680759624957012
D,4,41,0.027454962014623642
D,4,42,0.0537553559556693
D,4,43,0.04205030982670993
D,4,44,0.012674331172205339
D,4,45,0.001380288383217061
D,4,46,4.655711271569121e-05
D,4,47,2.6702177717601324e-07
D,5,0,0.0
D,5,1,0.0
D,5,2,0.0
D,5,3,0.0
D,5,4,0.0
D,5,5,0.0
D,5,6,0.0
D,5,7,0.0
D,5,8,0.0
D,5,9,0.0
D,5,10,0.0
D,5,11,0.0
D,5,12,8.152249270698558e-07
D,5,13,0.00013398791330193637
D,5,14,0.0028611361679269465
D,5,15,0.007938563559035307
D,5,16,0.0030010650928788385
D,5,17,0.003474280046429671
D,5,18,0.017154627124713273
D,5,19,0.03667847018572622
D,5,20,0.05478491925606385
D,5,21,0.08039368215570401
D,5,22,0.06440377746564896
D,5,23,0.033989332615494826
D,5,24,0.030623377232089702
D,5,25,0.046662497917340416
D,5,26,0.05948258398188264
D,5,27,0.07395814020480118
D,5,28,0.08938564101446733
D,5,29,0.1312450961087358
D,5,30,0.07666559989890039
D,5,31,0.03835797954143446
D,5,32,0.029646501828905058
D,5,33,0.022129164390162947
D,5,34,0.020764017406785223
D,5,35,0.012346153279081892
D,5,36,0.009691606292549821
D,5,37,0.00439238719425378
D,5,38,0.004105446434835136
D,5,39,0.0015110137956475865
D,5,40,0.002069915324736553
D,5,41,0.012021863454364729
D,5,42,0.022268290559288244
D,5,43,0.007507528291998495
D,5,44,0.00034842199909546035
D,5,45,2.117040792211449e-06
D,5,46,0.0
D,5,47,0.0
D,6,0,0.0
D,6,1,0.0
D,6,2,0.0
D,6,3,0.0
D,6,4,0.0
D,6,5,0.0
D,6,6,0.0
D,6,7,0.0
D,6,8,0.0
D,6,9,0.0
D,6,10,0.0
D,6,11,0.0
D,6,12,0.0
D,6,13,0.0
D,6,14,0.0
D,6,15,0.0
D,6,16,0.0
D,6,17,5.481379695867457e-06
D,6,18,0.000913103545481544
D,6,19,0.021246246416238262
D,6,20,0.09675367751776098
D,6,21,0.15049590528876258
D,6,22,0.08769043078845895
D,6,23,0.04419485360035682
D,6,24,0.018263016194656194
D,6,25,0.037531861008659434
D,6,26,0.07966384075088179
D,6,27,0.07473382237377364
D,6,28,0.03703390828151702
D,6,29,0.047792577668432694
D,6,30,0.03454132195343398
D,6,31,0.05145640518873412
D,6,32,0.03746300204241638
D,6,33,0.05499815913326126
D,6,34,0.019830337395622347
D,6,35,0.007420988019390287
D,6,36,0.018057653291570924
D,6,37,0.0065095770797064375
D,6,38,0.0007551687374392987
D,6,39,0.009620655615864435
D,6,40,0.02668570018756104
D,6,41,0.009618801619790833
D,6,42,0.0004519889877539681
D,6,43,0.00025543301020631263
D,6,44,0.005395913103785102
D,6,45,0.014970026934485462
D,6,46,0.005395913103785102
D,6,47,0.0002542297805169759
