Month,Day,Interval,Service Level,Call Volume,Abandoned Calls,Abandoned Rate,CCT,client,outlier_column
April,1,02:00:00,1.0,1.0,0.0,0.0,667.0,A,CCT
April,1,05:00:00,1.0,4.0,0.0,0.0,59.0,A,CCT
April,2,06:00:00,1.0,1.0,0.0,0.0,1085.0,A,CCT
April,3,01:00:00,1.0,1.0,0.0,0.0,89.0,A,CCT
April,3,02:00:00,1.0,1.0,0.0,0.0,113.0,A,CCT
April,3,04:30:00,1.0,1.0,0.0,0.0,76.0,A,CCT
April,4,05:30:00,1.0,2.0,0.0,0.0,113.5,A,CCT
April,5,01:00:00,1.0,3.0,0.0,0.0,716.67,A,CCT
April,5,01:30:00,0.5,3.0,1.0,0.3333,676.5,A,CCT
April,5,02:00:00,0.5,1.0,1.0,1.0,676.5,A,CCT
April,5,02:30:00,1.0,1.0,0.0,0.0,1681.0,A,CCT
April,5,03:30:00,1.0,1.0,0.0,0.0,1013.0,A,CCT
April,5,05:30:00,1.0,2.0,0.0,0.0,113.0,A,CCT
April,6,00:00:00,0.5,2.0,0.0,0.0,762.0,A,CCT
April,6,02:00:00,1.0,1.0,0.0,0.0,21.0,A,CCT
April,6,02:30:00,1.0,0.0,0.0,0.0,21.0,A,CCT
April,6,06:30:00,1.0,1.0,0.0,0.0,106.0,A,CCT
April,7,06:30:00,1.0,1.0,0.0,0.0,53.0,A,CCT
April,7,07:30:00,1.0,6.0,0.0,0.0,540.83,A,CCT
April,7,21:30:00,1.0,20.0,0.0,0.0,548.85,A,CCT
April,7,23:30:00,1.0,6.0,0.0,0.0,613.17,A,CCT
April,8,02:30:00,1.0,1.0,0.0,0.0,2.0,A,CCT
April,9,05:00:00,1.0,1.0,0.0,0.0,549.0,A,CCT
April,9,06:30:00,1.0,1.0,0.0,0.0,117.0,A,CCT
April,11,00:00:00,1.0,3.0,0.0,0.0,566.67,A,CCT
April,11,03:30:00,1.0,5.0,0.0,0.0,52.2,A,CCT
April,11,04:00:00,1.0,3.0,0.0,0.0,40.33,A,CCT
April,11,22:30:00,0.75,13.0,9.0,0.6923,660.5,A,CCT
April,12,03:30:00,1.0,3.0,0.0,0.0,37.67,A,CCT
April,13,01:00:00,1.0,1.0,0.0,0.0,0.0,A,CCT
April,13,06:00:00,0.6667,3.0,0.0,0.0,47.67,A,CCT
April,13,06:30:00,1.0,1.0,0.0,0.0,52.0,A,CCT
April,14,00:00:00,1.0,2.0,0.0,0.0,593.0,A,CCT
April,14,02:00:00,1.0,2.0,0.0,0.0,1376.0,A,CCT
April,16,00:00:00,1.0,4.0,0.0,0.0,39.5,A,CCT
April,16,05:00:00,1.0,1.0,0.0,0.0,45.0,A,CCT
April,18,00:30:00,1.0,5.0,0.0,0.0,562.4,A,CCT
April,19,00:30:00,0.8,5.0,0.0,0.0,723.6,A,CCT
April,19,01:30:00,1.0,2.0,1.0,0.5,93.0,A,CCT
April,19,02:00:00,0.0,1.0,0.0,0.0,1920.0,A,CCT
April,19,02:30:00,1.0,3.0,0.0,0.0,113.33,A,CCT
April,19,06:00:00,1.0,1.0,0.0,0.0,546.0,A,CCT
April,19,06:30:00,1.0,0.0,0.0,0.0,546.0,A,CCT
April,19,22:30:00,1.0,8.0,0.0,0.0,510.38,A,CCT
April,19,23:30:00,1.0,2.0,0.0,0.0,71.0,A,CCT
April,20,00:00:00,1.0,2.0,0.0,0.0,1583.0,A,CCT
April,20,01:30:00,1.0,2.0,0.0,0.0,862.0,A,CCT
April,21,02:30:00,1.0,2.0,0.0,0.0,88.5,A,CCT
April,21,03:00:00,1.0,0.0,0.0,0.0,88.5,A,CCT
April,22,00:00:00,1.0,1.0,0.0,0.0,2772.0,A,CCT
April,22,06:30:00,0.3333,4.0,1.0,0.25,794.33,A,CCT
April,23,03:00:00,1.0,1.0,0.0,0.0,712.0,A,CCT
April,23,05:00:00,1.0,3.0,0.0,0.0,514.67,A,CCT
April,23,05:30:00,1.0,1.0,0.0,0.0,79.0,A,CCT
April,23,22:00:00,1.0,3.0,0.0,0.0,615.67,A,CCT
April,24,00:00:00,1.0,1.0,0.0,0.0,83.0,A,CCT
April,24,03:30:00,1.0,3.0,0.0,0.0,73.33,A,CCT
April,25,00:30:00,1.0,3.0,0.0,0.0,767.67,A,CCT
April,25,01:00:00,1.0,1.0,0.0,0.0,69.0,A,CCT
April,25,04:30:00,1.0,1.0,0.0,0.0,1134.0,A,CCT
April,26,02:00:00,1.0,1.0,0.0,0.0,55.0,A,CCT
April,26,02:30:00,1.0,3.0,0.0,0.0,531.33,A,CCT
April,27,00:30:00,0.6667,3.0,0.0,0.0,574.67,A,CCT
April,27,06:00:00,1.0,3.0,0.0,0.0,116.0,A,CCT
April,27,07:30:00,1.0,6.0,0.0,0.0,615.83,A,CCT
April,28,01:00:00,1.0,6.0,0.0,0.0,578.17,A,CCT
April,28,01:30:00,1.0,1.0,0.0,0.0,546.0,A,CCT
April,28,02:00:00,1.0,1.0,0.0,0.0,96.0,A,CCT
April,28,03:30:00,1.0,1.0,0.0,0.0,22.0,A,CCT
April,28,04:30:00,1.0,3.0,0.0,0.0,118.67,A,CCT
April,29,01:30:00,1.0,2.0,0.0,0.0,531.0,A,CCT
April,29,02:30:00,1.0,1.0,0.0,0.0,76.0,A,CCT
April,29,05:30:00,1.0,2.0,0.0,0.0,109.5,A,CCT
April,30,01:00:00,1.0,1.0,0.0,0.0,572.0,A,CCT
April,30,01:30:00,1.0,0.0,0.0,0.0,572.0,A,CCT
May,1,00:30:00,1.0,2.0,0.0,0.0,95.5,A,CCT
May,1,02:30:00,1.0,1.0,0.0,0.0,90.0,A,CCT
May,1,03:00:00,1.0,2.0,0.0,0.0,93.0,A,CCT
May,1,06:30:00,0.0,7.0,4.0,0.5714,518.67,A,CCT
May,2,02:30:00,1.0,2.0,0.0,0.0,831.5,A,CCT
May,2,04:30:00,1.0,1.0,0.0,0.0,99.0,A,CCT
May,3,00:00:00,0.6667,6.0,0.0,0.0,586.83,A,CCT
May,3,01:00:00,1.0,5.0,0.0,0.0,821.2,A,CCT
May,3,05:00:00,1.0,1.0,0.0,0.0,664.0,A,CCT
May,3,05:30:00,1.0,0.0,0.0,0.0,664.0,A,CCT
May,4,00:30:00,1.0,3.0,0.0,0.0,595.0,A,CCT
May,4,01:00:00,1.0,1.0,0.0,0.0,567.0,A,CCT
May,4,04:00:00,1.0,1.0,0.0,0.0,22.0,A,CCT
May,4,05:30:00,1.0,1.0,0.0,0.0,8.0,A,CCT
May,5,01:00:00,1.0,2.0,0.0,0.0,628.5,A,CCT
May,5,03:00:00,1.0,1.0,0.0,0.0,858.0,A,CCT
May,6,01:00:00,1.0,1.0,0.0,0.0,81.0,A,CCT
May,6,01:30:00,1.0,3.0,0.0,0.0,92.0,A,CCT
May,6,02:00:00,1.0,2.0,0.0,0.0,700.5,A,CCT
May,6,05:30:00,1.0,2.0,0.0,0.0,521.5,A,CCT
May,6,06:30:00,0.0,3.0,0.0,0.0,612.33,A,CCT
May,7,00:30:00,1.0,1.0,0.0,0.0,619.0,A,CCT
May,7,02:00:00,1.0,1.0,0.0,0.0,116.0,A,CCT
May,7,05:00:00,1.0,1.0,0.0,0.0,61.0,A,CCT
May,7,06:00:00,1.0,1.0,0.0,0.0,82.0,A,CCT
May,8,03:00:00,1.0,2.0,0.0,0.0,791.5,A,CCT
May,8,04:00:00,1.0,1.0,0.0,0.0,38.0,A,CCT
May,8,05:00:00,1.0,2.0,0.0,0.0,81.5,A,CCT
May,9,03:30:00,1.0,1.0,0.0,0.0,117.0,A,CCT
May,9,04:30:00,1.0,1.0,0.0,0.0,20.0,A,CCT
May,10,00:30:00,1.0,2.0,0.0,0.0,611.5,A,CCT
May,10,04:30:00,1.0,1.0,0.0,0.0,72.0,A,CCT
May,11,00:30:00,1.0,1.0,0.0,0.0,55.0,A,CCT
May,12,00:00:00,1.0,5.0,0.0,0.0,1150.0,A,CCT
May,12,01:00:00,1.0,2.0,0.0,0.0,94.0,A,CCT
May,12,04:00:00,1.0,1.0,0.0,0.0,24.0,A,CCT
May,13,00:30:00,1.0,4.0,0.0,0.0,572.25,A,CCT
May,13,01:30:00,1.0,2.0,0.0,0.0,561.0,A,CCT
May,13,03:00:00,1.0,2.0,0.0,0.0,598.5,A,CCT
May,13,04:00:00,1.0,0.0,0.0,0.0,598.5,A,CCT
May,15,02:00:00,1.0,1.0,0.0,0.0,518.0,A,CCT
May,16,00:30:00,1.0,3.0,0.0,0.0,67.0,A,CCT
May,16,02:30:00,1.0,1.0,0.0,0.0,109.0,A,CCT
May,16,03:00:00,1.0,1.0,0.0,0.0,58.0,A,CCT
May,16,03:30:00,1.0,1.0,0.0,0.0,108.0,A,CCT
May,16,22:30:00,0.8889,11.0,2.0,0.1818,577.11,A,CCT
May,17,01:30:00,0.0,1.0,0.0,0.0,686.0,A,CCT
May,17,02:30:00,1.0,1.0,0.0,0.0,92.0,A,CCT
May,18,00:30:00,0.6,5.0,0.0,0.0,642.4,A,CCT
May,18,03:00:00,1.0,1.0,0.0,0.0,48.0,A,CCT
May,18,04:30:00,1.0,1.0,0.0,0.0,105.0,A,CCT
May,18,06:30:00,1.0,1.0,0.0,0.0,703.0,A,CCT
May,19,00:00:00,1.0,9.0,0.0,0.0,614.67,A,CCT
May,19,05:30:00,1.0,1.0,0.0,0.0,521.0,A,CCT
May,20,00:00:00,1.0,4.0,0.0,0.0,635.0,A,CCT
May,20,05:30:00,1.0,1.0,0.0,0.0,61.0,A,CCT
May,21,06:00:00,1.0,1.0,0.0,0.0,69.0,A,CCT
May,21,22:30:00,0.8333,6.0,0.0,0.0,521.0,A,CCT
May,22,03:30:00,1.0,1.0,0.0,0.0,2347.0,A,CCT
May,22,04:30:00,1.0,1.0,1.0,1.0,2347.0,A,CCT
May,23,01:00:00,1.0,2.0,0.0,0.0,585.5,A,CCT
May,23,01:30:00,1.0,3.0,0.0,0.0,621.67,A,CCT
May,23,02:00:00,1.0,2.0,0.0,0.0,118.0,A,CCT
May,23,03:30:00,1.0,1.0,0.0,0.0,25.0,A,CCT
May,23,04:00:00,1.0,1.0,0.0,0.0,817.0,A,CCT
May,23,05:00:00,1.0,1.0,0.0,0.0,93.0,A,CCT
May,23,05:30:00,1.0,1.0,1.0,1.0,93.0,A,CCT
May,23,07:30:00,0.2727,12.0,1.0,0.0833,557.45,A,CCT
May,23,23:00:00,0.3077,20.0,7.0,0.35,523.46,A,CCT
May,24,02:30:00,1.0,1.0,0.0,0.0,571.0,A,CCT
May,24,03:30:00,1.0,0.0,0.0,0.0,571.0,A,CCT
May,24,06:00:00,1.0,1.0,0.0,0.0,118.0,A,CCT
May,25,00:30:00,0.0,1.0,0.0,0.0,1059.0,A,CCT
May,25,01:00:00,0.0,1.0,0.0,0.0,1138.0,A,CCT
May,25,05:30:00,1.0,2.0,0.0,0.0,1089.0,A,CCT
May,26,00:00:00,1.0,2.0,0.0,0.0,885.5,A,CCT
May,26,05:30:00,1.0,1.0,0.0,0.0,79.0,A,CCT
May,27,02:30:00,1.0,1.0,0.0,0.0,80.0,A,CCT
May,27,04:00:00,1.0,0.0,0.0,0.0,80.0,A,CCT
May,27,23:30:00,0.7,10.0,0.0,0.0,553.9,A,CCT
May,28,00:30:00,1.0,3.0,0.0,0.0,571.0,A,CCT
May,28,01:30:00,1.0,3.0,0.0,0.0,1058.33,A,CCT
May,28,04:00:00,1.0,1.0,0.0,0.0,86.0,A,CCT
May,29,01:30:00,1.0,2.0,0.0,0.0,57.5,A,CCT
May,29,02:00:00,1.0,1.0,0.0,0.0,968.0,A,CCT
May,29,02:30:00,1.0,0.0,0.0,0.0,968.0,A,CCT
May,30,00:30:00,1.0,3.0,0.0,0.0,513.33,A,CCT
May,30,01:00:00,1.0,4.0,0.0,0.0,61.25,A,CCT
May,30,02:30:00,1.0,1.0,0.0,0.0,104.0,A,CCT
May,30,03:00:00,1.0,0.0,0.0,0.0,104.0,A,CCT
May,31,01:00:00,1.0,2.0,0.0,0.0,90.0,A,CCT
May,31,01:30:00,1.0,1.0,0.0,0.0,106.0,A,CCT
June,1,02:30:00,1.0,2.0,0.0,0.0,833.5,A,CCT
June,1,03:00:00,1.0,0.0,0.0,0.0,833.5,A,CCT
June,2,01:00:00,1.0,1.0,0.0,0.0,647.0,A,CCT
June,2,03:00:00,1.0,1.0,0.0,0.0,38.0,A,CCT
June,3,03:00:00,1.0,1.0,0.0,0.0,703.0,A,CCT
June,3,04:30:00,1.0,1.0,0.0,0.0,64.0,A,CCT
June,4,00:30:00,1.0,4.0,0.0,0.0,514.75,A,CCT
June,4,02:00:00,1.0,1.0,0.0,0.0,526.0,A,CCT
June,4,03:00:00,1.0,2.0,0.0,0.0,558.0,A,CCT
June,4,04:00:00,1.0,1.0,0.0,0.0,910.0,A,CCT
June,4,05:30:00,1.0,1.0,0.0,0.0,594.0,A,CCT
June,4,06:30:00,0.5,5.0,1.0,0.2,510.75,A,CCT
June,5,02:00:00,1.0,3.0,0.0,0.0,108.67,A,CCT
June,5,23:00:00,0.7143,9.0,2.0,0.2222,599.57,A,CCT
June,6,01:30:00,1.0,2.0,0.0,0.0,735.5,A,CCT
June,6,22:00:00,1.0,13.0,0.0,0.0,524.23,A,CCT
June,7,02:30:00,1.0,4.0,0.0,0.0,108.0,A,CCT
June,7,03:30:00,1.0,1.0,0.0,0.0,2799.0,A,CCT
June,7,05:00:00,1.0,1.0,0.0,0.0,806.0,A,CCT
June,8,01:00:00,0.6667,3.0,0.0,0.0,639.67,A,CCT
June,8,02:30:00,1.0,1.0,0.0,0.0,616.0,A,CCT
June,8,03:30:00,1.0,1.0,0.0,0.0,547.0,A,CCT
June,8,04:30:00,1.0,1.0,0.0,0.0,590.0,A,CCT
June,9,02:00:00,1.0,1.0,0.0,0.0,594.0,A,CCT
June,9,23:00:00,0.75,8.0,0.0,0.0,536.88,A,CCT
June,10,01:00:00,1.0,1.0,0.0,0.0,977.0,A,CCT
June,10,02:00:00,1.0,2.0,0.0,0.0,668.0,A,CCT
June,10,03:30:00,1.0,1.0,0.0,0.0,116.0,A,CCT
June,10,06:00:00,1.0,3.0,0.0,0.0,596.0,A,CCT
June,11,00:30:00,1.0,1.0,0.0,0.0,97.0,A,CCT
June,11,01:00:00,1.0,2.0,0.0,0.0,1105.0,A,CCT
June,11,02:00:00,1.0,1.0,0.0,0.0,997.0,A,CCT
June,12,00:00:00,0.7143,7.0,0.0,0.0,529.14,A,CCT
June,12,01:00:00,1.0,3.0,0.0,0.0,1419.67,A,CCT
June,12,03:00:00,1.0,3.0,0.0,0.0,618.67,A,CCT
June,12,03:30:00,1.0,2.0,0.0,0.0,563.5,A,CCT
June,12,05:00:00,1.0,1.0,0.0,0.0,45.0,A,CCT
June,12,05:30:00,1.0,3.0,0.0,0.0,629.67,A,CCT
June,13,02:30:00,1.0,1.0,0.0,0.0,739.0,A,CCT
June,13,04:00:00,1.0,1.0,0.0,0.0,915.0,A,CCT
June,13,05:30:00,1.0,2.0,0.0,0.0,1227.5,A,CCT
June,13,06:00:00,0.6667,3.0,0.0,0.0,625.67,A,CCT
June,13,07:30:00,0.0,8.0,0.0,0.0,524.0,A,CCT
June,14,01:30:00,1.0,1.0,0.0,0.0,50.0,A,CCT
June,14,02:00:00,1.0,1.0,0.0,0.0,107.0,A,CCT
June,15,03:00:00,1.0,1.0,0.0,0.0,563.0,A,CCT
June,15,06:00:00,1.0,2.0,0.0,0.0,93.0,A,CCT
June,15,07:00:00,1.0,1.0,0.0,0.0,78.0,A,CCT
June,16,00:30:00,1.0,4.0,0.0,0.0,518.75,A,CCT
June,16,06:00:00,1.0,1.0,0.0,0.0,94.0,A,CCT
June,17,00:30:00,1.0,3.0,0.0,0.0,106.33,A,CCT
June,17,02:00:00,1.0,3.0,0.0,0.0,668.33,A,CCT
June,18,00:00:00,1.0,7.0,0.0,0.0,562.14,A,CCT
June,18,01:30:00,1.0,1.0,0.0,0.0,57.0,A,CCT
June,18,02:00:00,1.0,1.0,0.0,0.0,962.0,A,CCT
June,18,03:30:00,1.0,1.0,0.0,0.0,706.0,A,CCT
June,18,04:00:00,1.0,0.0,0.0,0.0,706.0,A,CCT
June,19,01:00:00,1.0,1.0,0.0,0.0,537.0,A,CCT
June,19,03:00:00,1.0,1.0,0.0,0.0,631.0,A,CCT
June,19,04:30:00,1.0,1.0,0.0,0.0,605.0,A,CCT
June,19,07:00:00,1.0,9.0,0.0,0.0,628.89,A,CCT
June,20,01:00:00,1.0,4.0,0.0,0.0,709.75,A,CCT
June,20,02:30:00,1.0,1.0,0.0,0.0,113.0,A,CCT
June,20,04:30:00,1.0,1.0,0.0,0.0,88.0,A,CCT
June,20,06:00:00,1.0,2.0,0.0,0.0,629.5,A,CCT
June,20,06:30:00,0.0,6.0,5.0,0.8333,777.0,A,CCT
June,21,22:00:00,0.8,22.0,2.0,0.0909,624.8,A,CCT
June,22,00:00:00,1.0,1.0,0.0,0.0,570.0,A,CCT
June,22,03:30:00,1.0,1.0,0.0,0.0,1317.0,A,CCT
June,22,05:30:00,1.0,1.0,0.0,0.0,29.0,A,CCT
June,23,02:30:00,1.0,1.0,0.0,0.0,1095.0,A,CCT
June,23,05:30:00,1.0,2.0,1.0,0.5,1179.0,A,CCT
June,23,06:00:00,1.0,1.0,0.0,0.0,724.0,A,CCT
June,23,06:30:00,1.0,0.0,0.0,0.0,724.0,A,CCT
June,24,01:00:00,1.0,1.0,0.0,0.0,76.0,A,CCT
June,24,03:00:00,1.0,2.0,0.0,0.0,1285.0,A,CCT
June,24,03:30:00,1.0,1.0,1.0,1.0,1285.0,A,CCT
June,24,04:30:00,1.0,0.0,0.0,1.0,1285.0,A,CCT
June,24,05:30:00,1.0,4.0,0.0,0.0,1815.25,A,CCT
June,24,06:00:00,1.0,2.0,0.0,0.0,103.0,A,CCT
June,25,00:30:00,1.0,1.0,0.0,0.0,109.0,A,CCT
June,25,01:00:00,1.0,3.0,0.0,0.0,540.67,A,CCT
June,25,01:30:00,1.0,2.0,0.0,0.0,636.5,A,CCT
June,25,03:00:00,1.0,3.0,0.0,0.0,543.67,A,CCT
June,26,00:00:00,1.0,3.0,0.0,0.0,106.67,A,CCT
June,26,01:30:00,1.0,1.0,0.0,0.0,716.0,A,CCT
June,26,04:00:00,1.0,2.0,0.0,0.0,48.0,A,CCT
June,27,00:00:00,1.0,4.0,0.0,0.0,626.25,A,CCT
June,27,01:30:00,1.0,3.0,0.0,0.0,663.67,A,CCT
June,27,02:30:00,1.0,1.0,0.0,0.0,753.0,A,CCT
June,27,07:30:00,0.5,9.0,1.0,0.1111,540.25,A,CCT
June,28,01:00:00,0.5,3.0,1.0,0.3333,660.0,A,CCT
June,29,01:00:00,1.0,2.0,1.0,0.5,102.0,A,CCT
June,29,05:30:00,1.0,2.0,0.0,0.0,92.5,A,CCT
June,29,07:30:00,1.0,4.0,0.0,0.0,519.0,A,CCT
June,29,23:00:00,1.0,3.0,0.0,0.0,614.0,A,CCT
June,30,02:00:00,1.0,3.0,0.0,0.0,814.33,A,CCT
June,30,03:00:00,1.0,0.0,0.0,0.0,814.33,A,CCT
April,1,04:00:00,1.0,1.0,0.0,0.0,60.0,B,CCT
April,2,02:00:00,1.0,4.0,0.0,0.0,556.75,B,CCT
April,2,03:00:00,1.0,2.0,0.0,0.0,906.5,B,CCT
April,3,01:30:00,1.0,9.0,0.0,0.0,518.11,B,CCT
April,4,05:30:00,1.0,2.0,0.0,0.0,518.5,B,CCT
April,5,01:00:00,1.0,4.0,0.0,0.0,988.5,B,CCT
April,5,04:00:00,1.0,4.0,0.0,0.0,83.0,B,CCT
April,5,06:30:00,1.0,4.0,0.0,0.0,115.0,B,CCT
April,6,02:00:00,1.0,3.0,0.0,0.0,601.0,B,CCT
April,9,03:30:00,1.0,1.0,0.0,0.0,112.0,B,CCT
April,9,04:00:00,1.0,1.0,0.0,0.0,692.0,B,CCT
April,9,05:30:00,1.0,1.0,0.0,0.0,55.0,B,CCT
April,10,03:30:00,1.0,1.0,0.0,0.0,1155.0,B,CCT
April,10,04:00:00,1.0,1.0,0.0,0.0,656.0,B,CCT
April,10,04:30:00,1.0,0.0,0.0,0.0,656.0,B,CCT
April,10,06:30:00,0.5,3.0,1.0,0.3333,516.5,B,CCT
April,11,02:30:00,1.0,2.0,0.0,0.0,788.5,B,CCT
April,11,03:00:00,1.0,9.0,0.0,0.0,46.56,B,CCT
April,11,03:30:00,1.0,14.0,0.0,0.0,51.64,B,CCT
April,11,04:00:00,1.0,5.0,0.0,0.0,72.0,B,CCT
April,11,04:30:00,1.0,6.0,0.0,0.0,66.67,B,CCT
April,11,05:00:00,1.0,1.0,0.0,0.0,17.0,B,CCT
April,12,03:30:00,1.0,14.0,0.0,0.0,47.07,B,CCT
April,12,04:00:00,1.0,4.0,0.0,0.0,59.75,B,CCT
April,12,06:00:00,1.0,1.0,0.0,0.0,113.0,B,CCT
April,13,01:00:00,1.0,4.0,0.0,0.0,764.25,B,CCT
April,13,02:30:00,1.0,2.0,0.0,0.0,110.5,B,CCT
April,13,05:30:00,0.0,3.0,1.0,0.3333,779.5,B,CCT
April,14,03:00:00,1.0,3.0,0.0,0.0,556.33,B,CCT
April,14,03:30:00,1.0,2.0,0.0,0.0,1170.5,B,CCT
April,14,05:30:00,1.0,1.0,0.0,0.0,31.0,B,CCT
April,15,02:30:00,1.0,4.0,0.0,0.0,511.75,B,CCT
April,15,06:00:00,1.0,6.0,0.0,0.0,564.17,B,CCT
April,16,02:30:00,1.0,4.0,0.0,0.0,546.5,B,CCT
April,16,05:00:00,1.0,2.0,0.0,0.0,98.0,B,CCT
April,18,02:30:00,1.0,2.0,0.0,0.0,580.0,B,CCT
April,19,03:30:00,1.0,1.0,0.0,0.0,61.0,B,CCT
April,20,03:00:00,1.0,2.0,0.0,0.0,26.0,B,CCT
April,20,06:30:00,1.0,4.0,0.0,0.0,885.0,B,CCT
April,21,01:00:00,1.0,9.0,0.0,0.0,562.11,B,CCT
April,21,02:30:00,1.0,1.0,0.0,0.0,1528.0,B,CCT
April,21,05:30:00,1.0,3.0,0.0,0.0,537.0,B,CCT
April,23,05:00:00,1.0,1.0,0.0,0.0,60.0,B,CCT
April,23,06:00:00,1.0,6.0,0.0,0.0,617.5,B,CCT
April,24,05:00:00,1.0,2.0,0.0,0.0,528.0,B,CCT
April,24,06:00:00,1.0,4.0,0.0,0.0,71.75,B,CCT
April,25,02:00:00,0.0,5.0,0.0,0.0,671.6,B,CCT
April,25,02:30:00,0.0,5.0,0.0,0.0,671.6,B,CCT
April,25,03:00:00,0.0,5.0,0.0,0.0,671.6,B,CCT
April,25,03:30:00,0.0,5.0,0.0,0.0,671.6,B,CCT
April,25,04:00:00,0.0,5.0,0.0,0.0,671.6,B,CCT
April,25,04:30:00,0.0,5.0,0.0,0.0,671.6,B,CCT
April,25,05:00:00,0.0,5.0,0.0,0.0,671.6,B,CCT
April,25,06:00:00,0.0,5.0,0.0,0.0,671.6,B,CCT
April,25,06:30:00,0.0,5.0,0.0,0.0,671.6,B,CCT
April,25,07:00:00,0.0,5.0,0.0,0.0,671.6,B,CCT
April,27,01:30:00,1.0,1.0,0.0,0.0,75.0,B,CCT
April,27,04:00:00,1.0,1.0,0.0,0.0,40.0,B,CCT
April,27,04:30:00,1.0,2.0,0.0,0.0,619.5,B,CCT
April,27,05:00:00,1.0,1.0,0.0,0.0,1167.0,B,CCT
April,27,05:30:00,1.0,0.0,0.0,0.0,1167.0,B,CCT
April,28,02:30:00,1.0,6.0,0.0,0.0,616.0,B,CCT
April,28,06:30:00,0.5,5.0,1.0,0.2,556.0,B,CCT
April,29,03:00:00,0.6667,3.0,0.0,0.0,816.0,B,CCT
April,29,03:30:00,1.0,1.0,0.0,0.0,89.0,B,CCT
April,30,03:00:00,1.0,3.0,0.0,0.0,522.0,B,CCT
April,30,03:30:00,1.0,1.0,0.0,0.0,94.0,B,CCT
April,30,05:00:00,1.0,1.0,0.0,0.0,638.0,B,CCT
May,1,03:00:00,1.0,2.0,0.0,0.0,1240.0,B,CCT
May,1,04:30:00,1.0,1.0,0.0,0.0,79.0,B,CCT
May,2,02:30:00,1.0,2.0,0.0,0.0,732.0,B,CCT
May,3,01:30:00,1.0,2.0,0.0,0.0,636.5,B,CCT
May,3,02:30:00,1.0,2.0,0.0,0.0,627.5,B,CCT
May,3,05:00:00,1.0,3.0,0.0,0.0,97.67,B,CCT
May,3,06:00:00,1.0,2.0,0.0,0.0,1161.5,B,CCT
May,4,01:30:00,1.0,2.0,0.0,0.0,631.5,B,CCT
May,4,06:00:00,1.0,1.0,0.0,0.0,1639.0,B,CCT
May,4,06:30:00,1.0,0.0,0.0,0.0,1639.0,B,CCT
May,4,07:00:00,1.0,8.0,0.0,0.0,619.0,B,CCT
May,6,02:00:00,1.0,3.0,0.0,0.0,698.67,B,CCT
May,6,05:00:00,1.0,2.0,0.0,0.0,781.0,B,CCT
May,7,01:00:00,1.0,8.0,0.0,0.0,536.0,B,CCT
May,7,05:00:00,1.0,1.0,0.0,0.0,108.0,B,CCT
May,8,04:00:00,1.0,2.0,0.0,0.0,736.0,B,CCT
May,8,04:30:00,1.0,3.0,0.0,0.0,846.33,B,CCT
May,8,06:30:00,1.0,4.0,3.0,0.75,815.0,B,CCT
May,9,06:30:00,0.5,6.0,4.0,0.6667,519.5,B,CCT
May,10,01:30:00,0.6667,3.0,0.0,0.0,116.67,B,CCT
May,10,04:30:00,0.0,1.0,0.0,0.0,533.0,B,CCT
May,10,06:30:00,0.5,8.0,4.0,0.5,536.0,B,CCT
May,11,02:30:00,1.0,6.0,0.0,0.0,588.83,B,CCT
May,11,04:30:00,1.0,1.0,0.0,0.0,718.0,B,CCT
May,11,06:00:00,1.0,1.0,0.0,0.0,731.0,B,CCT
May,12,01:00:00,1.0,9.0,0.0,0.0,526.56,B,CCT
May,12,01:30:00,1.0,3.0,0.0,0.0,651.67,B,CCT
May,12,02:00:00,1.0,3.0,0.0,0.0,578.0,B,CCT
May,12,06:30:00,0.5,3.0,1.0,0.3333,1245.5,B,CCT
May,14,03:00:00,1.0,2.0,0.0,0.0,659.5,B,CCT
May,14,03:30:00,1.0,4.0,0.0,0.0,546.75,B,CCT
May,14,05:30:00,1.0,1.0,0.0,0.0,1067.0,B,CCT
May,17,01:30:00,1.0,5.0,0.0,0.0,541.6,B,CCT
May,17,02:00:00,0.8571,7.0,0.0,0.0,563.0,B,CCT
May,17,06:30:00,0.75,7.0,3.0,0.4286,1161.0,B,CCT
May,18,04:00:00,1.0,1.0,0.0,0.0,28.0,B,CCT
May,18,05:00:00,1.0,2.0,0.0,0.0,587.5,B,CCT
May,18,06:30:00,1.0,1.0,0.0,0.0,108.0,B,CCT
May,19,03:00:00,1.0,2.0,0.0,0.0,691.0,B,CCT
May,19,03:30:00,1.0,0.0,0.0,0.0,691.0,B,CCT
May,19,05:30:00,1.0,3.0,0.0,0.0,688.0,B,CCT
May,20,03:00:00,1.0,4.0,0.0,0.0,686.5,B,CCT
May,20,06:00:00,1.0,1.0,0.0,0.0,80.0,B,CCT
May,21,02:30:00,0.4,7.0,2.0,0.2857,726.4,B,CCT
May,21,03:00:00,0.5,2.0,0.0,0.0,1050.5,B,CCT
May,21,03:30:00,1.0,1.0,0.0,0.0,733.0,B,CCT
May,21,04:00:00,1.0,4.0,0.0,0.0,590.5,B,CCT
May,21,06:00:00,1.0,3.0,0.0,0.0,513.67,B,CCT
May,23,01:30:00,1.0,3.0,0.0,0.0,118.0,B,CCT
May,23,03:30:00,1.0,5.0,0.0,0.0,1007.4,B,CCT
May,23,04:30:00,1.0,4.0,0.0,0.0,587.75,B,CCT
May,23,06:30:00,1.0,6.0,5.0,0.8333,105.0,B,CCT
May,24,05:00:00,1.0,2.0,0.0,0.0,593.5,B,CCT
May,24,06:00:00,1.0,1.0,0.0,0.0,536.0,B,CCT
May,25,01:00:00,0.9,10.0,0.0,0.0,524.9,B,CCT
May,25,02:30:00,1.0,3.0,0.0,0.0,107.0,B,CCT
May,25,05:00:00,1.0,1.0,0.0,0.0,18.0,B,CCT
May,26,03:00:00,1.0,1.0,0.0,0.0,793.0,B,CCT
May,26,06:30:00,1.0,3.0,0.0,0.0,521.0,B,CCT
May,27,01:30:00,1.0,1.0,0.0,0.0,1312.0,B,CCT
May,27,05:00:00,1.0,1.0,0.0,0.0,28.0,B,CCT
May,29,03:00:00,1.0,1.0,0.0,0.0,550.0,B,CCT
May,30,01:00:00,1.0,5.0,0.0,0.0,819.4,B,CCT
May,30,02:00:00,1.0,3.0,0.0,0.0,754.67,B,CCT
May,30,02:30:00,1.0,4.0,0.0,0.0,652.25,B,CCT
May,30,03:00:00,1.0,1.0,0.0,0.0,78.0,B,CCT
May,31,01:30:00,1.0,3.0,0.0,0.0,112.67,B,CCT
June,1,02:30:00,1.0,3.0,0.0,0.0,540.33,B,CCT
June,1,04:00:00,1.0,2.0,0.0,0.0,642.0,B,CCT
June,1,05:00:00,1.0,3.0,0.0,0.0,829.67,B,CCT
June,2,00:00:00,1.0,14.0,1.0,0.0714,601.92,B,CCT
June,2,01:30:00,1.0,5.0,0.0,0.0,814.6,B,CCT
June,3,02:30:00,1.0,3.0,0.0,0.0,547.33,B,CCT
June,3,03:00:00,1.0,2.0,0.0,0.0,631.5,B,CCT
June,3,04:00:00,1.0,1.0,0.0,0.0,103.0,B,CCT
June,4,05:00:00,1.0,1.0,0.0,0.0,3270.0,B,CCT
June,5,03:30:00,1.0,1.0,0.0,0.0,790.0,B,CCT
June,6,01:00:00,1.0,9.0,0.0,0.0,652.78,B,CCT
June,6,01:30:00,0.875,9.0,1.0,0.1111,525.25,B,CCT
June,6,03:30:00,1.0,2.0,0.0,0.0,662.0,B,CCT
June,6,04:00:00,1.0,4.0,0.0,0.0,552.75,B,CCT
June,6,06:00:00,1.0,2.0,1.0,0.5,728.0,B,CCT
June,6,06:30:00,1.0,5.0,5.0,1.0,728.0,B,CCT
June,7,02:30:00,1.0,2.0,0.0,0.0,520.0,B,CCT
June,8,02:00:00,1.0,2.0,0.0,0.0,636.5,B,CCT
June,8,02:30:00,1.0,0.0,0.0,0.0,636.5,B,CCT
June,8,03:00:00,1.0,1.0,0.0,0.0,553.0,B,CCT
June,8,04:30:00,1.0,0.0,0.0,0.0,553.0,B,CCT
June,8,05:00:00,1.0,1.0,0.0,0.0,641.0,B,CCT
June,8,05:30:00,1.0,2.0,0.0,0.0,64.5,B,CCT
June,9,05:30:00,1.0,2.0,0.0,0.0,98.5,B,CCT
June,12,02:30:00,1.0,2.0,0.0,0.0,854.0,B,CCT
June,12,05:30:00,1.0,1.0,0.0,0.0,61.0,B,CCT
June,14,03:00:00,1.0,2.0,0.0,0.0,565.0,B,CCT
June,14,03:30:00,1.0,2.0,0.0,0.0,23.5,B,CCT
June,14,05:30:00,1.0,1.0,0.0,0.0,112.0,B,CCT
June,14,06:00:00,0.6667,3.0,0.0,0.0,51.0,B,CCT
June,14,06:30:00,0.6,7.0,2.0,0.2857,538.4,B,CCT
June,15,04:00:00,1.0,2.0,0.0,0.0,837.5,B,CCT
June,16,01:00:00,1.0,9.0,0.0,0.0,535.0,B,CCT
June,16,01:30:00,1.0,3.0,0.0,0.0,545.67,B,CCT
June,16,03:30:00,1.0,3.0,0.0,0.0,545.33,B,CCT
June,16,05:30:00,1.0,1.0,0.0,0.0,575.0,B,CCT
June,17,03:30:00,1.0,2.0,0.0,0.0,85.5,B,CCT
June,17,04:00:00,1.0,1.0,0.0,0.0,539.0,B,CCT
June,17,04:30:00,1.0,1.0,0.0,0.0,90.0,B,CCT
June,18,03:00:00,1.0,3.0,0.0,0.0,687.0,B,CCT
June,18,04:30:00,1.0,3.0,0.0,0.0,632.0,B,CCT
June,19,01:00:00,1.0,7.0,0.0,0.0,578.86,B,CCT
June,19,02:30:00,1.0,3.0,0.0,0.0,511.33,B,CCT
June,19,03:30:00,1.0,1.0,0.0,0.0,553.0,B,CCT
June,19,05:30:00,1.0,2.0,0.0,0.0,75.5,B,CCT
June,20,03:30:00,1.0,2.0,0.0,0.0,25.0,B,CCT
June,20,04:30:00,1.0,1.0,0.0,0.0,58.0,B,CCT
June,20,05:00:00,1.0,1.0,0.0,0.0,24.0,B,CCT
June,20,05:30:00,1.0,2.0,0.0,0.0,1773.5,B,CCT
June,23,05:30:00,0.6,5.0,0.0,0.0,577.4,B,CCT
June,24,05:00:00,1.0,1.0,0.0,0.0,680.0,B,CCT
June,26,02:00:00,1.0,4.0,0.0,0.0,558.0,B,CCT
June,27,03:30:00,1.0,3.0,0.0,0.0,801.0,B,CCT
June,27,04:00:00,1.0,1.0,0.0,0.0,587.0,B,CCT
June,27,06:30:00,0.0,6.0,5.0,0.8333,2239.0,B,CCT
June,28,01:30:00,1.0,2.0,0.0,0.0,111.0,B,CCT
June,28,04:00:00,1.0,1.0,0.0,0.0,682.0,B,CCT
June,28,05:00:00,1.0,1.0,0.0,0.0,71.0,B,CCT
June,28,05:30:00,1.0,0.0,0.0,0.0,71.0,B,CCT
June,28,06:00:00,1.0,3.0,0.0,0.0,541.67,B,CCT
June,29,02:30:00,1.0,4.0,0.0,0.0,600.0,B,CCT
June,29,03:00:00,1.0,2.0,0.0,0.0,1548.5,B,CCT
June,29,05:00:00,1.0,2.0,0.0,0.0,542.5,B,CCT
June,30,02:00:00,1.0,1.0,0.0,0.0,104.0,B,CCT
June,30,05:00:00,1.0,1.0,0.0,0.0,525.0,B,CCT
April,5,03:00:00,1.0,15.0,5.0,0.3333,517.1,C,CCT
April,5,04:00:00,1.0,7.0,0.0,0.0,573.86,C,CCT
April,5,05:00:00,1.0,14.0,0.0,0.0,722.86,C,CCT
April,6,04:00:00,1.0,12.0,0.0,0.0,564.75,C,CCT
April,6,05:00:00,1.0,8.0,0.0,0.0,798.0,C,CCT
April,10,05:30:00,0.9375,16.0,0.0,0.0,564.63,C,CCT
April,11,03:00:00,0.8857,37.0,2.0,0.0541,108.57,C,CCT
April,11,03:30:00,1.0,56.0,0.0,0.0,58.23,C,CCT
April,11,04:00:00,1.0,22.0,0.0,0.0,65.91,C,CCT
April,11,04:30:00,1.0,31.0,0.0,0.0,69.84,C,CCT
April,12,03:30:00,1.0,28.0,0.0,0.0,65.39,C,CCT
April,12,04:00:00,1.0,19.0,0.0,0.0,107.47,C,CCT
April,13,05:30:00,0.1429,7.0,0.0,0.0,551.86,C,CCT
April,14,02:30:00,1.0,6.0,0.0,0.0,765.0,C,CCT
April,19,04:00:00,1.0,8.0,0.0,0.0,534.13,C,CCT
April,19,05:00:00,1.0,9.0,0.0,0.0,638.11,C,CCT
April,21,04:30:00,1.0,6.0,0.0,0.0,556.17,C,CCT
April,23,04:30:00,1.0,10.0,1.0,0.1,514.56,C,CCT
April,24,02:30:00,1.0,1.0,0.0,0.0,754.0,C,CCT
April,29,05:30:00,1.0,6.0,1.0,0.1667,661.8,C,CCT
May,2,04:30:00,0.9231,14.0,1.0,0.0714,533.31,C,CCT
May,5,02:30:00,0.5556,12.0,3.0,0.25,585.78,C,CCT
May,6,04:00:00,1.0,8.0,1.0,0.125,544.57,C,CCT
May,7,03:30:00,1.0,11.0,0.0,0.0,512.91,C,CCT
May,7,04:30:00,1.0,4.0,0.0,0.0,588.5,C,CCT
May,11,03:30:00,1.0,6.0,0.0,0.0,518.83,C,CCT
May,15,04:30:00,1.0,3.0,0.0,0.0,512.33,C,CCT
May,17,03:00:00,1.0,10.0,2.0,0.2,516.5,C,CCT
May,17,05:00:00,1.0,2.0,0.0,0.0,882.5,C,CCT
May,22,01:30:00,1.0,20.0,0.0,0.0,525.05,C,CCT
May,23,03:00:00,1.0,6.0,0.0,0.0,706.67,C,CCT
May,24,03:00:00,1.0,6.0,0.0,0.0,680.17,C,CCT
May,28,04:30:00,0.8462,13.0,0.0,0.0,764.46,C,CCT
May,31,05:00:00,1.0,13.0,0.0,0.0,562.38,C,CCT
June,1,04:00:00,1.0,5.0,0.0,0.0,560.6,C,CCT
June,1,04:30:00,1.0,7.0,0.0,0.0,701.86,C,CCT
June,4,02:30:00,0.7273,11.0,0.0,0.0,546.18,C,CCT
June,4,03:30:00,1.0,13.0,1.0,0.0769,541.17,C,CCT
June,7,04:00:00,1.0,7.0,0.0,0.0,673.57,C,CCT
June,7,04:30:00,1.0,12.0,0.0,0.0,567.75,C,CCT
June,7,05:00:00,1.0,8.0,0.0,0.0,645.38,C,CCT
June,8,04:30:00,1.0,3.0,0.0,0.0,755.67,C,CCT
June,19,04:00:00,1.0,5.0,0.0,0.0,533.6,C,CCT
June,19,05:00:00,1.0,14.0,0.0,0.0,585.64,C,CCT
June,20,03:00:00,1.0,9.0,1.0,0.1111,807.75,C,CCT
June,22,03:30:00,1.0,7.0,0.0,0.0,552.29,C,CCT
June,22,04:00:00,1.0,12.0,0.0,0.0,512.33,C,CCT
June,23,05:00:00,1.0,8.0,0.0,0.0,815.75,C,CCT
June,23,06:00:00,0.9,20.0,0.0,0.0,525.65,C,CCT
June,29,04:00:00,1.0,6.0,0.0,0.0,538.33,C,CCT
June,30,03:30:00,1.0,7.0,0.0,0.0,517.57,C,CCT
April,5,03:00:00,1.0,2.0,0.0,0.0,621.5,D,CCT
April,5,03:30:00,1.0,0.0,0.0,0.0,621.5,D,CCT
April,5,04:00:00,1.0,1.0,0.0,0.0,4786.0,D,CCT
April,7,01:30:00,1.0,9.0,0.0,0.0,517.11,D,CCT
April,7,05:00:00,0.6667,3.0,0.0,0.0,618.67,D,CCT
April,7,05:30:00,1.0,3.0,0.0,0.0,516.67,D,CCT
April,9,05:30:00,1.0,1.0,0.0,0.0,36.0,D,CCT
April,10,04:00:00,1.0,1.0,0.0,0.0,1019.0,D,CCT
April,11,03:30:00,1.0,3.0,0.0,0.0,34.67,D,CCT
April,11,04:00:00,1.0,3.0,0.0,0.0,49.67,D,CCT
April,11,04:30:00,1.0,0.0,0.0,0.0,49.67,D,CCT
April,11,05:00:00,1.0,0.0,0.0,0.0,49.67,D,CCT
April,11,05:30:00,0.0,1.0,0.0,0.0,93.0,D,CCT
April,12,03:00:00,1.0,2.0,0.0,0.0,75.5,D,CCT
April,12,03:30:00,1.0,0.0,0.0,0.0,75.5,D,CCT
April,12,04:00:00,1.0,1.0,0.0,0.0,88.0,D,CCT
April,12,04:30:00,1.0,0.0,0.0,0.0,88.0,D,CCT
April,12,05:00:00,1.0,1.0,0.0,0.0,13.0,D,CCT
April,12,05:30:00,1.0,1.0,0.0,0.0,45.0,D,CCT
April,13,06:00:00,0.75,4.0,0.0,0.0,108.25,D,CCT
April,17,04:00:00,1.0,1.0,0.0,0.0,54.0,D,CCT
April,17,05:30:00,1.0,3.0,0.0,0.0,593.67,D,CCT
April,19,03:00:00,1.0,1.0,0.0,0.0,577.0,D,CCT
April,19,03:30:00,1.0,0.0,0.0,0.0,577.0,D,CCT
April,19,04:00:00,1.0,0.0,0.0,0.0,577.0,D,CCT
April,20,03:00:00,1.0,7.0,0.0,0.0,554.29,D,CCT
April,20,03:30:00,1.0,0.0,0.0,0.0,554.29,D,CCT
April,22,04:00:00,1.0,1.0,0.0,0.0,1104.0,D,CCT
April,22,04:30:00,1.0,0.0,0.0,0.0,1104.0,D,CCT
April,22,05:00:00,1.0,0.0,0.0,0.0,1104.0,D,CCT
April,25,03:30:00,1.0,1.0,0.0,0.0,36.0,D,CCT
April,25,04:00:00,1.0,2.0,0.0,0.0,113.0,D,CCT
April,25,04:30:00,1.0,1.0,0.0,0.0,1333.0,D,CCT
April,25,05:30:00,1.0,1.0,0.0,0.0,98.0,D,CCT
April,26,03:00:00,1.0,6.0,1.0,0.1667,701.8,D,CCT
April,26,03:30:00,1.0,0.0,0.0,0.1667,701.8,D,CCT
April,26,04:30:00,1.0,0.0,0.0,0.1667,701.8,D,CCT
April,26,05:00:00,1.0,0.0,0.0,0.1667,701.8,D,CCT
April,26,05:30:00,1.0,1.0,0.0,0.0,18.0,D,CCT
April,28,02:00:00,1.0,5.0,0.0,0.0,104.2,D,CCT
April,29,01:00:00,1.0,19.0,0.0,0.0,565.21,D,CCT
April,29,03:00:00,1.0,2.0,0.0,0.0,535.0,D,CCT
April,29,03:30:00,1.0,0.0,0.0,0.0,535.0,D,CCT
April,29,04:00:00,1.0,0.0,0.0,0.0,535.0,D,CCT
April,29,04:30:00,1.0,0.0,0.0,0.0,535.0,D,CCT
April,29,05:00:00,1.0,0.0,0.0,0.0,535.0,D,CCT
April,29,05:30:00,1.0,0.0,0.0,0.0,535.0,D,CCT
April,30,03:00:00,1.0,2.0,0.0,0.0,724.0,D,CCT
April,30,03:30:00,1.0,0.0,0.0,0.0,724.0,D,CCT
April,30,04:00:00,1.0,0.0,0.0,0.0,724.0,D,CCT
April,30,04:30:00,1.0,0.0,0.0,0.0,724.0,D,CCT
April,30,05:00:00,1.0,0.0,0.0,0.0,724.0,D,CCT
April,30,05:30:00,1.0,0.0,0.0,0.0,724.0,D,CCT
May,1,02:30:00,0.7273,11.0,0.0,0.0,520.55,D,CCT
May,1,05:30:00,1.0,1.0,0.0,0.0,596.0,D,CCT
May,2,03:30:00,1.0,1.0,0.0,0.0,41.0,D,CCT
May,2,04:00:00,1.0,0.0,0.0,0.0,41.0,D,CCT
May,2,04:30:00,1.0,0.0,0.0,0.0,41.0,D,CCT
May,2,05:00:00,1.0,0.0,0.0,0.0,41.0,D,CCT
May,3,02:30:00,1.0,2.0,0.0,0.0,628.0,D,CCT
May,3,05:30:00,1.0,1.0,0.0,0.0,901.0,D,CCT
May,4,02:30:00,1.0,9.0,0.0,0.0,520.0,D,CCT
May,4,03:00:00,1.0,0.0,0.0,0.0,520.0,D,CCT
May,4,05:30:00,1.0,1.0,0.0,0.0,938.0,D,CCT
May,4,06:00:00,0.6667,3.0,0.0,0.0,563.33,D,CCT
May,5,02:00:00,1.0,7.0,1.0,0.1429,578.33,D,CCT
May,6,02:00:00,1.0,11.0,1.0,0.0909,528.7,D,CCT
May,7,05:30:00,1.0,1.0,0.0,0.0,626.0,D,CCT
May,9,03:00:00,1.0,2.0,0.0,0.0,714.5,D,CCT
May,11,01:30:00,1.0,10.0,0.0,0.0,518.4,D,CCT
May,11,04:30:00,1.0,1.0,0.0,0.0,113.0,D,CCT
May,11,05:30:00,1.0,0.0,0.0,0.0,113.0,D,CCT
May,11,06:00:00,1.0,6.0,0.0,0.0,117.17,D,CCT
May,12,04:30:00,1.0,2.0,0.0,0.0,117.0,D,CCT
May,14,02:00:00,1.0,12.0,0.0,0.0,685.5,D,CCT
May,14,04:00:00,1.0,1.0,0.0,0.0,22.0,D,CCT
May,14,04:30:00,1.0,4.0,3.0,0.75,517.0,D,CCT
May,14,05:00:00,0.6667,5.0,2.0,0.4,567.67,D,CCT
May,17,03:00:00,1.0,4.0,0.0,0.0,613.25,D,CCT
May,17,03:30:00,1.0,0.0,0.0,0.0,613.25,D,CCT
May,17,04:00:00,1.0,0.0,0.0,0.0,613.25,D,CCT
May,21,02:00:00,1.0,10.0,0.0,0.0,553.9,D,CCT
May,21,03:00:00,1.0,3.0,0.0,0.0,532.67,D,CCT
May,21,03:30:00,1.0,0.0,0.0,0.0,532.67,D,CCT
May,22,03:00:00,1.0,2.0,0.0,0.0,742.5,D,CCT
May,22,03:30:00,1.0,0.0,0.0,0.0,742.5,D,CCT
May,22,04:00:00,1.0,0.0,0.0,0.0,742.5,D,CCT
May,22,04:30:00,1.0,1.0,1.0,1.0,742.5,D,CCT
May,22,05:00:00,1.0,0.0,0.0,1.0,742.5,D,CCT
May,22,05:30:00,1.0,0.0,0.0,1.0,742.5,D,CCT
May,23,02:00:00,1.0,4.0,0.0,0.0,652.5,D,CCT
May,23,04:30:00,1.0,1.0,0.0,0.0,964.0,D,CCT
May,23,05:00:00,1.0,0.0,0.0,0.0,964.0,D,CCT
May,23,05:30:00,1.0,0.0,0.0,0.0,964.0,D,CCT
May,25,03:30:00,1.0,1.0,0.0,0.0,20.0,D,CCT
May,25,04:00:00,1.0,0.0,0.0,0.0,20.0,D,CCT
May,25,05:30:00,1.0,1.0,0.0,0.0,84.0,D,CCT
May,26,03:30:00,1.0,6.0,0.0,0.0,537.33,D,CCT
May,26,04:30:00,1.0,3.0,0.0,0.0,76.67,D,CCT
May,28,03:30:00,1.0,1.0,0.0,0.0,797.0,D,CCT
May,28,04:00:00,1.0,0.0,0.0,0.0,797.0,D,CCT
May,28,04:30:00,1.0,1.0,1.0,1.0,797.0,D,CCT
May,28,05:00:00,1.0,0.0,0.0,1.0,797.0,D,CCT
May,30,02:00:00,1.0,5.0,0.0,0.0,524.4,D,CCT
June,1,01:30:00,1.0,7.0,0.0,0.0,542.86,D,CCT
June,1,02:00:00,1.0,10.0,0.0,0.0,536.4,D,CCT
June,3,03:00:00,1.0,3.0,0.0,0.0,579.0,D,CCT
June,3,03:30:00,1.0,0.0,0.0,0.0,579.0,D,CCT
June,3,04:00:00,1.0,0.0,0.0,0.0,579.0,D,CCT
June,4,04:00:00,1.0,1.0,0.0,0.0,29.0,D,CCT
June,4,05:00:00,1.0,0.0,0.0,0.0,29.0,D,CCT
June,4,05:30:00,1.0,0.0,0.0,0.0,29.0,D,CCT
June,4,06:00:00,1.0,6.0,0.0,0.0,112.67,D,CCT
June,6,01:00:00,1.0,26.0,0.0,0.0,576.77,D,CCT
June,6,03:00:00,1.0,2.0,0.0,0.0,552.0,D,CCT
June,6,03:30:00,1.0,0.0,0.0,0.0,552.0,D,CCT
June,6,04:00:00,1.0,2.0,0.0,0.0,643.0,D,CCT
June,6,05:00:00,1.0,1.0,0.0,0.0,17.0,D,CCT
June,6,05:30:00,1.0,2.0,0.0,0.0,542.0,D,CCT
June,7,02:30:00,1.0,2.0,0.0,0.0,1048.5,D,CCT
June,7,05:30:00,1.0,3.0,0.0,0.0,729.67,D,CCT
June,8,01:30:00,1.0,12.0,0.0,0.0,557.33,D,CCT
June,9,02:30:00,1.0,6.0,1.0,0.1667,680.2,D,CCT
June,9,05:00:00,0.5,2.0,0.0,0.0,46.0,D,CCT
June,11,02:30:00,1.0,9.0,0.0,0.0,586.11,D,CCT
June,11,03:00:00,1.0,1.0,0.0,0.0,649.0,D,CCT
June,11,03:30:00,1.0,0.0,0.0,0.0,649.0,D,CCT
June,11,04:00:00,1.0,0.0,0.0,0.0,649.0,D,CCT
June,11,04:30:00,1.0,0.0,0.0,0.0,649.0,D,CCT
June,11,05:00:00,1.0,0.0,0.0,0.0,649.0,D,CCT
June,12,04:00:00,1.0,1.0,0.0,0.0,655.0,D,CCT
June,12,04:30:00,1.0,0.0,0.0,0.0,655.0,D,CCT
June,12,05:00:00,1.0,0.0,0.0,0.0,655.0,D,CCT
June,13,03:30:00,1.0,1.0,0.0,0.0,1244.0,D,CCT
June,13,05:00:00,1.0,2.0,0.0,0.0,654.0,D,CCT
June,13,05:30:00,1.0,0.0,0.0,0.0,654.0,D,CCT
June,14,04:30:00,1.0,1.0,0.0,0.0,2066.0,D,CCT
June,14,05:00:00,1.0,0.0,0.0,0.0,2066.0,D,CCT
June,14,05:30:00,1.0,0.0,0.0,0.0,2066.0,D,CCT
June,15,03:00:00,1.0,4.0,0.0,0.0,586.75,D,CCT
June,18,03:30:00,1.0,1.0,0.0,0.0,513.0,D,CCT
June,18,04:00:00,1.0,0.0,0.0,0.0,513.0,D,CCT
June,18,04:30:00,1.0,0.0,0.0,0.0,513.0,D,CCT
June,18,05:00:00,1.0,0.0,0.0,0.0,513.0,D,CCT
June,20,03:00:00,1.0,3.0,1.0,0.3333,699.0,D,CCT
June,22,02:30:00,1.0,3.0,2.0,0.6667,1122.0,D,CCT
June,22,03:00:00,1.0,1.0,0.0,0.0,551.0,D,CCT
June,22,04:00:00,1.0,1.0,0.0,0.0,22.0,D,CCT
June,22,04:30:00,1.0,0.0,0.0,0.0,22.0,D,CCT
June,23,01:00:00,1.0,15.0,0.0,0.0,559.0,D,CCT
June,23,01:30:00,1.0,5.0,0.0,0.0,523.6,D,CCT
June,23,03:00:00,1.0,3.0,0.0,0.0,701.33,D,CCT
June,24,03:00:00,1.0,3.0,0.0,0.0,681.33,D,CCT
June,25,03:30:00,1.0,1.0,0.0,0.0,109.0,D,CCT
June,25,04:00:00,1.0,0.0,0.0,0.0,109.0,D,CCT
June,25,04:30:00,1.0,0.0,0.0,0.0,109.0,D,CCT
June,25,05:00:00,1.0,0.0,0.0,0.0,109.0,D,CCT
June,25,05:30:00,1.0,0.0,0.0,0.0,109.0,D,CCT
June,27,03:00:00,1.0,2.0,0.0,0.0,92.0,D,CCT
June,27,03:30:00,1.0,0.0,0.0,0.0,92.0,D,CCT
June,27,04:00:00,1.0,0.0,0.0,0.0,92.0,D,CCT
June,28,03:00:00,1.0,3.0,0.0,0.0,662.67,D,CCT
June,28,03:30:00,1.0,0.0,0.0,0.0,662.67,D,CCT
June,28,04:00:00,1.0,0.0,0.0,0.0,662.67,D,CCT
June,28,04:30:00,1.0,0.0,0.0,0.0,662.67,D,CCT
June,30,05:00:00,0.75,4.0,0.0,0.0,813.0,D,CCT
